,PLAYER_ID,SEASON_ID,LEAGUE_ID,TEAM_ID,TEAM_ABBREVIATION,PLAYER_AGE,GP,GS,MIN,FGM,FGA,FG_PCT,FG3M,FG3A,FG3_PCT,FTM,FTA,FT_PCT,OREB,DREB,REB,AST,STL,BLK,TOV,PF,PTS,DISPLAY_FIRST_LAST,DRAFT_YEAR,DRAFT_NUMBER
3,1630173,2023-24,00,1610612761,TOR,24.0,25,0,437.0,78,170,0.459,13,47,0.277,24,42,0.571,50,86,136,44,16,12,29,40,193,Precious Achiuwa,2020,20
4,1630173,2023-24,00,1610612752,NYK,24.0,49,18,1187.0,157,299,0.525,13,50,0.26,45,70,0.643,141,210,351,53,30,56,54,103,372,Precious Achiuwa,2020,20
22,1628389,2023-24,00,1610612748,MIA,26.0,71,71,2416.0,530,1017,0.521,15,42,0.357,292,387,0.755,159,578,737,278,81,66,162,159,1367,Bam Adebayo,2017,14
24,1630534,2023-24,00,1610612762,UTA,24.0,51,10,1003.0,106,249,0.426,47,142,0.331,15,20,0.75,35,91,126,47,27,29,34,66,274,Ochai Agbaji,2022,14
25,1630534,2023-24,00,1610612761,TOR,24.0,27,18,638.0,72,184,0.391,15,69,0.217,22,36,0.611,39,51,90,36,20,15,30,51,181,Ochai Agbaji,2022,14
29,1630583,2023-24,00,1610612763,MEM,23.0,61,35,1618.0,247,568,0.435,106,304,0.349,54,87,0.621,72,280,352,138,43,54,69,89,654,Santi Aldama,2021,30
38,1629638,2023-24,00,1610612750,MIN,25.0,82,20,1921.0,236,538,0.439,131,335,0.391,52,65,0.8,35,132,167,204,64,42,76,143,655,Nickeil Alexander-Walker,2019,17
44,1628960,2023-24,00,1610612756,PHX,28.0,75,74,2513.0,340,682,0.499,205,445,0.461,129,147,0.878,48,247,295,227,69,45,95,157,1014,Grayson Allen,2018,21
53,1628386,2023-24,00,1610612739,CLE,26.0,77,77,2442.0,519,819,0.634,0,6,0.0,233,314,0.742,243,568,811,210,53,81,121,147,1271,Jarrett Allen,2017,22
56,1630631,2023-24,00,1610612740,NOP,26.0,56,0,1028.0,142,345,0.412,78,207,0.377,35,52,0.673,25,103,128,117,59,15,40,89,397,Jose Alvarado,Undrafted,Undrafted
66,203937,2023-24,00,1610612750,MIN,30.0,79,10,1782.0,199,433,0.46,11,48,0.229,97,137,0.708,60,213,273,331,71,47,91,128,506,Kyle Anderson,2014,30
77,203507,2023-24,00,1610612749,MIL,29.0,73,73,2567.0,837,1369,0.611,34,124,0.274,514,782,0.657,196,645,841,476,87,79,250,210,2222,Giannis Antetokounmpo,2013,15
83,203648,2023-24,00,1610612749,MIL,31.0,34,0,155.0,16,30,0.533,0,1,0.0,0,2,0.0,7,6,13,17,7,4,14,24,32,Thanasis Antetokounmpo,2014,51
87,1630175,2023-24,00,1610612753,ORL,24.0,81,0,1817.0,332,763,0.435,93,275,0.338,180,218,0.826,64,247,311,236,64,37,126,175,937,Cole Anthony,2020,15
94,1628384,2023-24,00,1610612761,TOR,26.0,27,27,900.0,157,321,0.489,61,163,0.374,33,46,0.717,24,82,106,72,28,13,43,62,408,OG Anunoby,2017,23
95,1628384,2023-24,00,1610612752,NYK,26.0,23,23,802.0,125,256,0.488,41,104,0.394,34,43,0.791,23,79,102,35,40,23,38,57,325,OG Anunoby,2017,23
105,1627853,2023-24,00,1610612752,NYK,30.0,20,0,45.0,0,6,0.0,0,6,0.0,0,0,0.0,0,8,8,4,2,0,2,5,0,Ryan Arcidiacono,Undrafted,Undrafted
109,1630166,2023-24,00,1610612764,WAS,23.0,75,75,2257.0,406,803,0.506,88,235,0.374,202,273,0.74,84,456,540,286,60,36,160,185,1102,Deni Avdija,2020,9
115,1629028,2023-24,00,1610612757,POR,25.0,55,55,1783.0,427,749,0.57,1,10,0.1,65,79,0.823,176,433,609,90,56,42,99,109,920,Deandre Ayton,2018,1
119,1628962,2023-24,00,1610612756,PHX,24.0,16,0,113.0,16,23,0.696,0,0,0.0,3,13,0.231,11,21,32,3,1,6,4,17,35,Udoka Azubuike,2020,27
127,1628963,2023-24,00,1610612765,DET,25.0,26,10,478.0,107,181,0.591,1,6,0.167,50,61,0.82,46,72,118,27,5,14,29,40,265,Marvin Bagley III,2018,2
128,1628963,2023-24,00,1610612764,WAS,25.0,24,15,575.0,132,227,0.581,8,17,0.471,46,65,0.708,84,110,194,28,15,19,30,41,318,Marvin Bagley III,2018,2
130,1641735,2023-24,00,1610612766,CHA,20.0,10,0,65.0,8,24,0.333,1,8,0.125,6,7,0.857,6,3,9,7,3,0,4,2,23,Amari Bailey,2023,41
132,1631116,2023-24,00,1610612764,WAS,21.0,38,7,494.0,59,155,0.381,31,97,0.32,19,28,0.679,17,106,123,29,18,15,19,56,168,Patrick Baldwin Jr.,2022,28
136,1630163,2023-24,00,1610612766,CHA,22.0,22,22,711.0,183,423,0.433,70,197,0.355,90,104,0.865,29,84,113,176,40,4,83,79,526,LaMelo Ball,2020,3
149,1628964,2023-24,00,1610612755,PHI,26.0,57,17,740.0,97,198,0.49,25,64,0.391,34,50,0.68,77,161,238,41,22,60,39,101,253,Mo Bamba,2018,6
151,1631094,2023-24,00,1610612753,ORL,21.0,80,80,2799.0,640,1407,0.455,119,351,0.339,405,559,0.725,82,472,554,431,71,47,247,153,1804,Paolo Banchero,2022,1
155,1630217,2023-24,00,1610612763,MEM,25.0,42,42,1443.0,360,776,0.464,137,360,0.381,140,161,0.87,36,149,185,230,43,22,112,120,997,Desmond Bane,2020,30
158,1630625,2023-24,00,1610612738,BOS,24.0,24,1,171.0,19,51,0.373,2,16,0.125,16,20,0.8,12,23,35,19,5,3,10,20,56,Dalano Banton,2021,46
159,1630625,2023-24,00,1610612757,POR,24.0,30,8,876.0,183,449,0.408,57,183,0.311,78,100,0.78,29,114,143,108,28,17,67,44,501,Dalano Banton,2021,46
162,1631230,2023-24,00,1610612759,SAS,21.0,33,1,420.0,56,113,0.496,3,9,0.333,29,42,0.69,45,68,113,36,12,14,9,47,144,Dominick Barlow,Undrafted,Undrafted
176,203084,2023-24,00,1610612758,SAC,32.0,82,82,2381.0,347,732,0.474,149,385,0.387,157,196,0.801,67,182,249,99,54,12,58,98,1000,Harrison Barnes,2012,7
179,1630567,2023-24,00,1610612761,TOR,22.0,60,60,2094.0,447,942,0.475,101,296,0.341,196,251,0.781,141,353,494,363,75,88,165,118,1191,Scottie Barnes,2021,4
184,1629628,2023-24,00,1610612752,NYK,23.0,26,26,767.0,164,388,0.423,43,130,0.331,103,124,0.831,19,92,111,63,12,9,47,45,474,RJ Barrett,2019,3
185,1629628,2023-24,00,1610612761,TOR,23.0,32,32,1072.0,272,492,0.553,47,120,0.392,105,167,0.629,34,170,204,130,19,13,79,84,696,RJ Barrett,2019,3
189,1629646,2023-24,00,1610612759,SAS,23.0,19,0,205.0,29,40,0.725,0,1,0.0,5,6,0.833,23,53,76,21,8,17,15,31,63,Charles Bassey,2021,53
190,1641734,2023-24,00,1610612739,CLE,20.0,15,0,133.0,15,49,0.306,10,33,0.303,1,4,0.25,1,13,14,10,1,2,8,5,41,Emoni Bates,2023,49
198,1628966,2023-24,00,1610612756,PHX,28.0,39,8,597.0,64,150,0.427,20,64,0.313,26,36,0.722,30,71,101,34,22,20,13,33,174,Keita Bates-Diop,2018,48
199,1628966,2023-24,00,1610612751,BKN,28.0,14,0,68.0,8,16,0.5,1,5,0.2,6,6,1.0,1,8,9,4,3,2,2,2,23,Keita Bates-Diop,2018,48
216,201587,2023-24,00,1610612746,LAC,35.0,3,0,54.0,3,8,0.375,2,7,0.286,0,0,0.0,0,7,7,5,3,4,1,5,8,Nicolas Batum,2008,25
217,201587,2023-24,00,1610612755,PHI,35.0,57,38,1476.0,113,248,0.456,71,178,0.399,15,21,0.714,70,171,241,123,45,34,39,104,312,Nicolas Batum,2008,25
230,203078,2023-24,00,1610612756,PHX,30.0,53,53,1767.0,377,735,0.513,101,235,0.43,109,134,0.813,54,178,232,265,52,27,131,127,964,Bradley Beal,2012,3
242,1627736,2023-24,00,1610612749,MIL,27.0,79,77,2337.0,320,722,0.443,224,542,0.413,25,35,0.714,41,249,290,108,59,9,54,158,889,Malik Beasley,2016,19
244,1630699,2023-24,00,1610612749,MIL,23.0,48,1,608.0,81,166,0.488,30,75,0.4,19,28,0.679,22,77,99,31,13,7,27,54,211,MarJon Beauchamp,2022,24
254,202722,2023-24,00,1610612760,OKC,31.0,15,0,91.0,10,26,0.385,10,24,0.417,14,15,0.933,2,8,10,9,3,3,1,10,44,Davis Bertans,2011,42
255,202722,2023-24,00,1610612766,CHA,31.0,28,1,583.0,82,208,0.394,66,176,0.375,16,18,0.889,7,44,51,26,23,9,17,46,246,Davis Bertans,2011,42
270,201976,2023-24,00,1610612755,PHI,35.0,47,5,919.0,104,241,0.432,35,109,0.321,51,63,0.81,30,115,145,144,24,18,49,83,294,Patrick Beverley,2009,42
271,201976,2023-24,00,1610612749,MIL,35.0,26,8,543.0,54,138,0.391,26,72,0.361,23,27,0.852,19,75,94,68,19,13,16,45,157,Patrick Beverley,2009,42
278,1630180,2023-24,00,1610612737,ATL,25.0,63,51,2062.0,290,697,0.416,113,358,0.316,170,203,0.837,167,244,411,92,51,11,54,88,863,Saddiq Bey,2020,19
285,1629048,2023-24,00,1610612753,ORL,24.0,62,33,957.0,126,209,0.603,2,14,0.143,57,87,0.655,109,177,286,79,32,72,44,107,311,Goga Bitadze,2019,18
286,1641931,2023-24,00,1610612741,CHI,25.0,23,1,268.0,32,84,0.381,12,44,0.273,4,5,0.8,6,26,32,13,3,2,10,24,80,Onuralp Bitim,Undrafted,Undrafted
299,202687,2023-24,00,1610612763,MEM,31.0,30,27,718.0,67,119,0.563,0,0,0.0,22,46,0.478,57,134,191,51,10,34,38,82,156,Bismack Biyombo,2011,7
300,202687,2023-24,00,1610612760,OKC,31.0,10,0,73.0,7,12,0.583,0,0,0.0,4,8,0.5,5,13,18,2,1,3,4,7,18,Bismack Biyombo,2011,7
302,1641710,2023-24,00,1610612753,ORL,20.0,69,33,1164.0,115,247,0.466,37,94,0.394,49,80,0.613,33,106,139,91,35,21,56,110,316,Anthony Black,2023,6
303,1641778,2023-24,00,1610612766,CHA,24.0,26,3,284.0,25,52,0.481,9,20,0.45,10,15,0.667,9,39,48,24,8,11,6,19,69,Leaky Black,Undrafted,Undrafted
310,203992,2023-24,00,1610612737,ATL,31.0,79,33,2401.0,471,1100,0.428,240,641,0.374,151,164,0.921,53,219,272,247,96,26,112,179,1333,Bogdan Bogdanovic,2014,27
322,202711,2023-24,00,1610612765,DET,35.0,28,27,921.0,199,425,0.468,86,207,0.415,81,104,0.779,13,81,94,71,23,4,63,57,565,Bojan Bogdanovic,2011,31
323,202711,2023-24,00,1610612752,NYK,35.0,29,0,557.0,110,256,0.43,47,127,0.37,36,45,0.8,9,49,58,26,7,1,38,38,303,Bojan Bogdanovic,2011,31
329,1629626,2023-24,00,1610612756,PHX,24.0,43,0,469.0,93,151,0.616,22,52,0.423,15,19,0.789,32,105,137,17,10,25,19,42,223,Bol Bol,2019,44
332,1629716,2023-24,00,1610612749,MIL,26.0,2,0,3.0,0,0,0.0,0,0,0.0,0,0,0.0,0,2,2,0,0,0,0,1,0,Marques Bolden,2019,
333,1629716,2023-24,00,1610612766,CHA,26.0,9,2,118.0,17,25,0.68,0,1,0.0,3,4,0.75,10,22,32,4,3,7,3,9,37,Marques Bolden,2019,
343,1626164,2023-24,00,1610612756,PHX,27.0,68,68,2447.0,642,1305,0.492,152,418,0.364,405,457,0.886,56,252,308,472,61,28,178,206,1841,Devin Booker,2015,13
346,1630527,2023-24,00,1610612746,LAC,22.0,32,0,345.0,65,161,0.404,14,52,0.269,23,33,0.697,19,33,52,13,11,8,24,40,167,Brandon Boston Jr.,2021,51
353,1628449,2023-24,00,1610612761,TOR,31.0,50,0,705.0,110,217,0.507,31,94,0.33,71,92,0.772,62,145,207,23,14,24,28,68,322,Chris Boucher,Undrafted,Undrafted
356,1630547,2023-24,00,1610612766,CHA,23.0,14,0,81.0,18,41,0.439,13,30,0.433,1,2,0.5,1,8,9,6,1,1,2,3,50,James Bouknight,2021,11
358,1631103,2023-24,00,1610612759,SAS,21.0,75,29,1594.0,271,628,0.432,93,268,0.347,55,63,0.873,28,120,148,156,27,8,91,94,690,Malaki Branham,2022,20
360,1631128,2023-24,00,1610612743,DEN,23.0,82,4,1656.0,222,483,0.46,63,164,0.384,93,134,0.694,79,227,306,132,42,35,55,137,600,Christian Braun,2022,21
368,1628969,2023-24,00,1610612751,BKN,27.0,82,82,2854.0,564,1294,0.436,220,592,0.372,258,317,0.814,68,304,372,299,81,30,164,116,1606,Mikal Bridges,2018,10
373,1628970,2023-24,00,1610612766,CHA,26.0,69,67,2581.0,559,1210,0.462,157,450,0.349,174,211,0.825,71,434,505,231,65,33,138,118,1449,Miles Bridges,2018,12
378,1629052,2023-24,00,1610612738,BOS,25.0,55,1,630.0,68,153,0.444,15,55,0.273,50,83,0.602,61,99,160,44,19,8,20,54,201,Oshae Brissett,Undrafted,Undrafted
386,1627763,2023-24,00,1610612757,POR,31.0,39,25,1121.0,218,496,0.44,82,199,0.412,95,116,0.819,28,120,148,214,27,8,60,58,613,Malcolm Brogdon,2016,36
391,1629717,2023-24,00,1610612751,BKN,25.0,10,0,104.0,15,46,0.326,11,32,0.344,1,2,0.5,7,11,18,5,1,1,3,3,42,Armoni Brooks,2019,
398,1628415,2023-24,00,1610612745,HOU,28.0,72,72,2227.0,329,768,0.428,133,370,0.359,124,147,0.844,53,193,246,119,64,10,88,241,915,Dillon Brooks,2017,45
404,1628971,2023-24,00,1610612754,IND,27.0,33,33,981.0,149,314,0.475,33,101,0.327,67,82,0.817,25,129,154,100,35,8,41,81,398,Bruce Brown,2018,42
405,1628971,2023-24,00,1610612761,TOR,27.0,34,11,885.0,129,268,0.481,20,63,0.317,50,60,0.833,28,102,130,92,24,9,45,67,328,Bruce Brown,2018,42
414,1627759,2023-24,00,1610612738,BOS,27.0,70,70,2343.0,627,1256,0.499,145,410,0.354,211,300,0.703,84,303,387,249,83,37,166,185,1610,Jaylen Brown,2016,3
416,1631112,2023-24,00,1610612754,IND,21.0,15,0,63.0,8,15,0.533,0,2,0.0,5,8,0.625,3,2,5,5,0,0,2,9,21,Kendall Brown,2022,48
417,1641738,2023-24,00,1610612746,LAC,24.0,44,0,394.0,37,90,0.411,14,48,0.292,1,2,0.5,20,42,62,25,12,6,9,49,89,Kobe Brown,2023,30
426,1629650,2023-24,00,1610612757,POR,24.0,22,5,200.0,33,65,0.508,0,0,0.0,9,31,0.29,37,49,86,7,5,7,11,27,75,Moses Brown,Undrafted,Undrafted
429,1630535,2023-24,00,1610612742,DAL,22.0,6,0,40.0,5,11,0.455,1,3,0.333,4,9,0.444,3,6,9,4,0,4,4,5,15,Greg Brown III,2021,43
435,1629718,2023-24,00,1610612752,NYK,27.0,8,0,37.0,2,10,0.2,2,7,0.286,0,0,0.0,1,1,2,0,0,2,2,5,6,Charlie Brown Jr.,Undrafted,Undrafted
443,1628972,2023-24,00,1610612750,MIN,24.0,37,3,410.0,52,118,0.441,31,84,0.369,19,22,0.864,14,58,72,35,8,2,18,26,154,Troy Brown Jr.,2018,15
444,1628972,2023-24,00,1610612765,DET,24.0,22,12,417.0,32,108,0.296,16,57,0.281,13,15,0.867,11,61,72,25,16,1,12,16,93,Troy Brown Jr.,2018,15
451,1628973,2023-24,00,1610612752,NYK,27.0,77,77,2726.0,790,1648,0.479,211,526,0.401,421,497,0.847,43,235,278,519,70,13,186,144,2212,Jalen Brunson,2018,33
460,1628418,2023-24,00,1610612748,MIA,26.0,38,4,441.0,86,149,0.577,4,22,0.182,41,47,0.872,40,101,141,23,10,16,21,46,217,Thomas Bryant,2017,42
461,1641723,2023-24,00,1610612737,ATL,20.0,17,0,196.0,34,92,0.37,9,40,0.225,4,8,0.5,6,27,33,27,7,5,10,20,81,Kobe Bufkin,2023,15
476,203493,2023-24,00,1610612745,HOU,33.0,44,0,417.0,34,82,0.415,27,67,0.403,1,1,1.0,6,67,73,15,12,5,10,29,96,Reggie Bullock Jr.,2013,25
494,202692,2023-24,00,1610612765,DET,32.0,43,0,901.0,160,406,0.394,99,247,0.401,121,134,0.903,16,94,110,68,21,11,32,64,540,Alec Burks,2011,12
495,202692,2023-24,00,1610612752,NYK,32.0,23,1,311.0,50,163,0.307,25,83,0.301,24,33,0.727,8,32,40,20,7,1,16,11,149,Alec Burks,2011,12
499,1630215,2023-24,00,1610612764,WAS,23.0,40,0,566.0,98,201,0.488,24,78,0.308,31,36,0.861,9,49,58,126,29,8,50,58,251,Jared Butler,2021,40
514,202710,2023-24,00,1610612748,MIA,34.0,60,60,2042.0,396,793,0.499,60,145,0.414,394,459,0.858,105,213,318,298,79,17,102,68,1246,Jimmy Butler,2011,30
517,1631288,2023-24,00,1610612748,MIA,25.0,26,1,259.0,34,79,0.43,11,31,0.355,18,23,0.783,15,22,37,10,10,5,8,22,97,Jamal Cain,Undrafted,Undrafted
528,203484,2023-24,00,1610612743,DEN,31.0,76,76,2402.0,270,587,0.46,125,308,0.406,101,113,0.894,31,152,183,183,98,42,75,151,766,Kentavious Caldwell-Pope,2013,8
529,1641739,2023-24,00,1610612757,POR,24.0,70,49,1739.0,197,438,0.45,58,172,0.337,75,99,0.758,139,204,343,87,66,33,84,174,527,Toumani Camara,2023,52
543,203991,2023-24,00,1610612737,ATL,30.0,73,73,1883.0,353,618,0.571,0,1,0.0,130,206,0.631,335,441,776,91,43,106,74,164,836,Clint Capela,2014,25
551,1628975,2023-24,00,1610612741,CHI,28.0,72,0,1004.0,138,365,0.378,77,234,0.329,4,7,0.571,11,49,60,94,37,16,36,71,357,Jevon Carter,2018,32
559,1628976,2023-24,00,1610612753,ORL,25.0,55,48,1406.0,223,425,0.525,64,171,0.374,93,134,0.694,112,269,381,95,35,28,68,121,603,Wendell Carter Jr.,2018,7
566,1627936,2023-24,00,1610612741,CHI,30.0,71,57,2040.0,253,541,0.468,136,333,0.408,73,96,0.76,62,211,273,247,120,70,102,181,715,Alex Caruso,Undrafted,Undrafted
567,1630658,2023-24,00,1610612747,LAL,24.0,16,0,59.0,9,16,0.563,0,0,0.0,6,6,1.0,6,6,12,3,2,0,3,11,24,Colin Castleton,Undrafted,Undrafted
568,1630608,2023-24,00,1610612765,DET,22.0,1,0,3.0,0,0,0.0,0,0,0.0,0,0,0.0,0,0,0,0,0,0,0,0,0,Malcolm Cazalon,Undrafted,Undrafted
572,1630577,2023-24,00,1610612759,SAS,22.0,74,59,1468.0,164,402,0.408,101,277,0.365,75,92,0.815,42,164,206,103,48,42,57,77,504,Julian Champagnie,Undrafted,Undrafted
574,1631108,2023-24,00,1610612747,LAL,21.0,67,7,944.0,103,241,0.427,42,118,0.356,36,46,0.783,15,127,142,60,20,17,35,57,284,Max Christie,2022,35
577,1631321,2023-24,00,1610612759,SAS,20.0,12,0,141.0,16,33,0.485,1,12,0.083,12,15,0.8,8,14,22,10,7,3,3,18,45,Sidy Cissoko,2023,44
582,1629634,2023-24,00,1610612763,MEM,27.0,6,1,134.0,33,59,0.559,1,6,0.167,1,7,0.143,13,19,32,9,5,6,3,8,68,Brandon Clarke,2019,21
596,203903,2023-24,00,1610612762,UTA,31.0,55,19,1682.0,337,816,0.413,91,309,0.294,177,201,0.881,49,139,188,277,35,6,146,81,942,Jordan Clarkson,2014,46
601,1629651,2023-24,00,1610612751,BKN,25.0,71,71,2116.0,366,582,0.629,1,5,0.2,108,196,0.551,193,513,706,147,46,146,93,175,841,Nic Claxton,2019,31
602,1641730,2023-24,00,1610612751,BKN,19.0,23,4,370.0,50,93,0.538,12,33,0.364,21,30,0.7,26,55,81,18,8,16,15,25,133,Noah Clowney,2023,21
607,1629599,2023-24,00,1610612746,LAC,26.0,70,13,1461.0,166,352,0.472,70,184,0.38,61,71,0.859,29,119,148,76,41,14,33,102,463,Amir Coffey,Undrafted,Undrafted
614,1628381,2023-24,00,1610612762,UTA,26.0,68,66,1901.0,397,746,0.532,86,232,0.371,147,185,0.795,157,418,575,77,40,61,98,191,1027,John Collins,2017,19
620,1628380,2023-24,00,1610612759,SAS,26.0,69,29,1526.0,298,616,0.484,58,181,0.32,122,162,0.753,118,252,370,194,34,52,132,206,776,Zach Collins,2017,10
639,201144,2023-24,00,1610612750,MIN,36.0,76,76,2193.0,294,644,0.457,179,405,0.442,102,112,0.911,37,181,218,449,88,17,102,128,869,Mike Conley,2007,4
648,1626192,2023-24,00,1610612749,MIL,31.0,76,3,1676.0,151,347,0.435,82,238,0.345,44,58,0.759,51,188,239,161,40,19,49,99,428,Pat Connaughton,2015,41
649,1641731,2023-24,00,1610612764,WAS,19.0,63,15,1715.0,188,432,0.435,64,185,0.346,92,131,0.702,56,200,256,110,57,48,87,137,532,Bilal Coulibaly,2023,7
650,1641741,2023-24,00,1610612755,PHI,22.0,32,0,289.0,54,112,0.482,12,32,0.375,53,71,0.746,14,32,46,16,8,1,5,17,173,Ricky Council IV,Undrafted,Undrafted
667,203496,2023-24,00,1610612746,LAC,33.0,3,3,69.0,3,9,0.333,2,8,0.25,1,2,0.5,2,6,8,7,6,2,0,7,9,Robert Covington,Undrafted,Undrafted
668,203496,2023-24,00,1610612755,PHI,33.0,26,3,419.0,40,89,0.449,17,48,0.354,21,24,0.875,29,60,89,17,33,16,11,49,118,Robert Covington,Undrafted,Undrafted
680,1628470,2023-24,00,1610612741,CHI,33.0,53,14,1049.0,108,251,0.43,60,153,0.392,27,36,0.75,69,148,217,58,30,21,32,110,303,Torrey Craig,Undrafted,Undrafted
698,203109,2023-24,00,1610612749,MIL,33.0,50,25,1156.0,114,270,0.422,58,166,0.349,26,36,0.722,31,130,161,66,38,9,23,74,312,Jae Crowder,2012,34
701,1630595,2023-24,00,1610612765,DET,22.0,62,62,2074.0,524,1167,0.449,119,335,0.355,238,274,0.869,33,235,268,464,56,22,212,153,1405,Cade Cunningham,2021,1
715,203552,2023-24,00,1610612742,DAL,33.0,36,3,457.0,54,145,0.372,29,80,0.363,17,19,0.895,15,37,52,30,17,3,16,32,154,Seth Curry,Undrafted,Undrafted
716,203552,2023-24,00,1610612766,CHA,33.0,8,1,159.0,26,59,0.441,9,28,0.321,11,12,0.917,3,13,16,14,5,3,5,7,72,Seth Curry,Undrafted,Undrafted
732,201939,2023-24,00,1610612744,GSW,36.0,74,74,2422.0,650,1445,0.45,357,876,0.408,299,324,0.923,37,293,330,379,54,28,210,117,1956,Stephen Curry,2009,7
734,1630700,2023-24,00,1610612740,NOP,21.0,61,16,1359.0,139,311,0.447,42,135,0.311,34,53,0.642,62,174,236,164,85,25,59,101,354,Dyson Daniels,2022,8
746,203076,2023-24,00,1610612747,LAL,31.0,76,76,2700.0,713,1283,0.556,29,107,0.271,421,516,0.816,239,722,961,266,91,178,159,177,1876,Anthony Davis,2012,1
748,1631098,2023-24,00,1610612764,WAS,22.0,50,6,614.0,62,154,0.403,14,40,0.35,14,24,0.583,18,54,72,32,18,10,13,57,152,Johnny Davis,2022,10
750,1631120,2023-24,00,1610612738,BOS,21.0,8,0,39.0,5,12,0.417,3,7,0.429,3,4,0.75,2,8,10,10,1,1,2,4,16,JD Davison,2022,53
765,201942,2023-24,00,1610612741,CHI,34.0,79,79,2989.0,650,1355,0.48,75,225,0.333,522,612,0.853,43,297,340,421,90,45,135,161,1897,DeMar DeRozan,2009,9
766,1641926,2023-24,00,1610612742,DAL,25.0,4,0,30.0,10,19,0.526,1,8,0.125,1,3,0.333,1,8,9,4,0,1,3,1,22,Dexter Dennis,Undrafted,Undrafted
774,1628978,2023-24,00,1610612752,NYK,27.0,81,63,2360.0,445,1004,0.443,283,705,0.401,86,114,0.754,63,234,297,216,107,36,113,166,1259,Donte DiVincenzo,2018,17
776,1631217,2023-24,00,1610612746,LAC,22.0,11,0,64.0,10,19,0.526,0,0,0.0,9,14,0.643,15,9,24,4,5,1,2,4,29,Moussa Diabate,2022,43
777,1641711,2023-24,00,1610612761,TOR,20.0,60,17,1268.0,189,445,0.425,88,241,0.365,44,51,0.863,27,105,132,68,34,2,50,87,510,Gradey Dick,2023,13
779,1631172,2023-24,00,1610612760,OKC,21.0,33,0,365.0,49,116,0.422,21,70,0.3,14,16,0.875,10,41,51,37,8,5,19,22,133,Ousmane Dieng,2022,11
793,203915,2023-24,00,1610612751,BKN,31.0,48,48,1474.0,195,499,0.391,89,278,0.32,125,160,0.781,26,132,158,288,38,9,62,86,604,Spencer Dinwiddie,2014,38
794,203915,2023-24,00,1610612747,LAL,31.0,28,4,679.0,56,141,0.397,35,90,0.389,44,50,0.88,4,43,47,68,13,13,29,52,191,Spencer Dinwiddie,2014,38
801,1629029,2023-24,00,1610612742,DAL,25.0,70,70,2624.0,804,1652,0.487,284,744,0.382,478,608,0.786,59,588,647,686,99,38,282,149,2370,Luka Doncic,2018,3
806,1629652,2023-24,00,1610612760,OKC,25.0,79,79,2246.0,288,657,0.438,156,396,0.394,128,155,0.826,74,210,284,113,72,47,74,228,860,Luguentz Dort,Undrafted,Undrafted
809,1630245,2023-24,00,1610612741,CHI,24.0,76,37,2212.0,360,719,0.501,119,295,0.403,85,105,0.81,54,162,216,242,68,36,103,166,924,Ayo Dosunmu,2021,38
827,203083,2023-24,00,1610612741,CHI,30.0,79,10,1351.0,267,480,0.556,0,3,0.0,129,218,0.592,265,443,708,37,73,48,81,140,663,Andre Drummond,2012,9
830,1630537,2023-24,00,1610612758,SAC,26.0,59,11,720.0,80,210,0.381,44,127,0.346,26,33,0.788,26,80,106,44,28,8,26,80,230,Chris Duarte,2021,13
838,1627739,2023-24,00,1610612762,UTA,30.0,66,32,1249.0,147,313,0.47,41,111,0.369,22,32,0.688,50,139,189,254,68,28,79,135,357,Kris Dunn,2016,5
856,201142,2023-24,00,1610612756,PHX,35.0,75,75,2791.0,751,1436,0.523,168,407,0.413,362,423,0.856,41,454,495,378,69,91,244,133,2032,Kevin Durant,2007,2
858,1631105,2023-24,00,1610612765,DET,20.0,61,60,1777.0,349,564,0.619,0,4,0.0,143,181,0.79,192,517,709,147,33,47,129,192,841,Jalen Duren,2022,13
860,1631106,2023-24,00,1610612745,HOU,23.0,22,0,480.0,88,189,0.466,18,50,0.36,21,33,0.636,46,107,153,27,31,19,20,51,215,Tari Eason,2022,17
864,1630162,2023-24,00,1610612750,MIN,22.0,79,78,2770.0,718,1558,0.461,190,532,0.357,423,506,0.836,52,378,430,405,101,42,241,141,2049,Anthony Edwards,2020,1
869,1630556,2023-24,00,1610612758,SAC,23.0,54,0,275.0,34,82,0.415,20,52,0.385,5,9,0.556,9,33,42,15,10,4,4,26,93,Kessler Edwards,2021,44
871,1631165,2023-24,00,1610612758,SAC,24.0,57,21,979.0,107,232,0.461,70,168,0.417,26,35,0.743,32,92,124,85,51,29,37,112,310,Keon Ellis,Undrafted,Undrafted
879,203954,2023-24,00,1610612755,PHI,30.0,39,39,1309.0,450,851,0.529,54,139,0.388,399,452,0.883,95,335,430,219,46,66,150,112,1353,Joel Embiid,2014,3
887,1629234,2023-24,00,1610612756,PHX,27.0,75,6,1169.0,152,253,0.601,3,3,1.0,72,93,0.774,103,219,322,63,27,61,61,115,379,Drew Eubanks,Undrafted,Undrafted
896,203957,2023-24,00,1610612742,DAL,28.0,55,17,1088.0,161,302,0.533,53,108,0.491,53,68,0.779,25,124,149,157,22,5,49,85,428,Dante Exum,2014,5
905,1628981,2023-24,00,1610612737,ATL,25.0,45,2,682.0,109,187,0.583,0,4,0.0,64,96,0.667,59,134,193,46,25,28,44,107,282,Bruno Fernando,2019,34
915,1627827,2023-24,00,1610612751,BKN,31.0,68,56,1935.0,215,511,0.421,117,336,0.348,33,46,0.717,109,208,317,107,56,38,59,150,580,Dorian Finney-Smith,Undrafted,Undrafted
919,1630201,2023-24,00,1610612761,TOR,26.0,31,0,474.0,56,137,0.409,28,80,0.35,17,22,0.773,13,52,65,73,18,6,33,42,157,Malachi Flynn,2020,29
920,1630201,2023-24,00,1610612752,NYK,26.0,14,0,61.0,9,23,0.391,4,13,0.308,9,11,0.818,0,6,6,6,1,0,3,3,31,Malachi Flynn,2020,29
921,1630201,2023-24,00,1610612765,DET,26.0,24,0,342.0,71,165,0.43,24,76,0.316,26,38,0.684,8,35,43,51,19,2,27,21,192,Malachi Flynn,2020,29
924,1631323,2023-24,00,1610612762,UTA,28.0,50,34,1160.0,161,358,0.45,91,233,0.391,32,40,0.8,52,124,176,73,30,18,51,81,445,Simone Fontecchio,Undrafted,Undrafted
925,1631323,2023-24,00,1610612765,DET,28.0,16,9,484.0,91,190,0.479,43,101,0.426,22,26,0.846,12,58,70,28,14,5,17,29,247,Simone Fontecchio,Undrafted,Undrafted
927,1630259,2023-24,00,1610612758,SAC,26.0,6,0,22.0,4,7,0.571,2,3,0.667,2,2,1.0,0,2,2,2,0,0,1,0,12,Jordan Ford,Undrafted,Undrafted
931,1630235,2023-24,00,1610612737,ATL,25.0,38,0,414.0,34,90,0.378,2,10,0.2,13,17,0.765,11,40,51,92,11,3,20,25,83,Trent Forrest,Undrafted,Undrafted
945,203095,2023-24,00,1610612752,NYK,31.0,3,0,39.0,4,20,0.2,2,15,0.133,2,2,1.0,0,4,4,3,4,0,1,4,12,Evan Fournier,2012,20
946,203095,2023-24,00,1610612765,DET,31.0,29,0,541.0,75,201,0.373,31,115,0.27,27,34,0.794,5,49,54,45,25,7,20,44,208,Evan Fournier,2012,20
954,1628368,2023-24,00,1610612758,SAC,26.0,74,74,2659.0,720,1549,0.465,214,580,0.369,312,423,0.738,67,273,340,418,150,31,194,193,1966,De'Aaron Fox,2017,5
955,1631241,2023-24,00,1610612761,TOR,24.0,22,6,403.0,55,124,0.444,10,42,0.238,33,36,0.917,16,54,70,40,10,4,25,28,153,Javon Freeman-Liberty,Undrafted,Undrafted
956,1641788,2023-24,00,1610612747,LAL,21.0,4,0,14.0,1,6,0.167,0,2,0.0,2,2,1.0,2,0,2,0,0,0,1,1,4,Alex Fudge,Undrafted,Undrafted
957,1641788,2023-24,00,1610612742,DAL,21.0,2,0,26.0,5,9,0.556,1,3,0.333,0,0,0.0,2,1,3,0,3,0,1,1,11,Alex Fudge,Undrafted,Undrafted
965,1628365,2023-24,00,1610612753,ORL,26.0,43,18,910.0,154,326,0.472,4,18,0.222,23,33,0.697,56,82,138,120,42,15,50,65,335,Markelle Fultz,2017,1
972,1629655,2023-24,00,1610612764,WAS,25.0,45,45,1192.0,203,294,0.69,0,0,0.0,84,119,0.706,131,230,361,69,44,97,46,147,490,Daniel Gafford,2019,38
973,1629655,2023-24,00,1610612742,DAL,25.0,29,21,623.0,145,186,0.78,0,0,0.0,34,56,0.607,64,137,201,46,21,56,28,80,324,Daniel Gafford,2019,38
990,201568,2023-24,00,1610612764,WAS,35.0,26,0,385.0,57,131,0.435,20,64,0.313,47,56,0.839,12,64,76,31,6,3,12,26,181,Danilo Gallinari,2008,6
991,201568,2023-24,00,1610612765,DET,35.0,6,0,90.0,12,22,0.545,7,12,0.583,21,24,0.875,2,12,14,12,2,2,1,9,52,Danilo Gallinari,2008,6
992,201568,2023-24,00,1610612749,MIL,35.0,17,0,155.0,14,37,0.378,3,17,0.176,16,18,0.889,6,12,18,12,6,1,10,15,47,Danilo Gallinari,2008,6
998,1629636,2023-24,00,1610612739,CLE,24.0,57,57,1900.0,375,841,0.446,132,356,0.371,146,175,0.834,30,122,152,373,74,7,176,95,1028,Darius Garland,2019,5
1001,1630586,2023-24,00,1610612744,GSW,22.0,6,0,18.0,1,6,0.167,0,1,0.0,1,2,0.5,3,4,7,1,1,3,2,2,3,Usman Garuba,2021,23
1004,1630568,2023-24,00,1610612750,MIN,25.0,25,0,122.0,36,75,0.48,9,32,0.281,18,25,0.72,19,12,31,4,4,1,6,24,99,Luka Garza,2021,52
1005,1629232,2023-24,00,1610612740,NOP,27.0,1,0,7.0,0,4,0.0,0,2,0.0,0,0,0.0,0,1,1,0,0,0,0,0,0,Kaiser Gates,2018,
1006,1641718,2023-24,00,1610612762,UTA,20.0,75,44,2023.0,319,815,0.391,147,440,0.334,189,223,0.848,15,196,211,332,36,7,188,91,974,Keyonte George,2023,16
1020,202331,2023-24,00,1610612746,LAC,34.0,74,74,2502.0,582,1236,0.471,243,588,0.413,264,291,0.907,37,351,388,262,113,37,153,202,1671,Paul George,2010,10
1023,1630581,2023-24,00,1610612760,OKC,21.0,80,80,2012.0,402,847,0.475,82,243,0.337,100,124,0.806,111,403,514,386,51,44,168,111,986,Josh Giddey,2021,6
1027,1628385,2023-24,00,1610612751,BKN,26.0,16,0,81.0,22,44,0.5,3,11,0.273,7,13,0.538,12,14,26,6,1,3,6,15,54,Harry Giles III,2017,20
1028,1628385,2023-24,00,1610612747,LAL,26.0,7,0,19.0,1,6,0.167,0,3,0.0,0,0,0.0,0,4,4,0,1,0,0,0,2,Harry Giles III,2017,20
1035,1628983,2023-24,00,1610612760,OKC,25.0,75,75,2553.0,796,1487,0.535,95,269,0.353,567,649,0.874,65,350,415,465,150,67,162,184,2254,Shai Gilgeous-Alexander,2018,11
1039,1630264,2023-24,00,1610612764,WAS,31.0,50,3,466.0,75,160,0.469,10,41,0.244,29,36,0.806,37,57,94,34,13,11,23,48,189,Anthony Gill,Undrafted,Undrafted
1040,1631221,2023-24,00,1610612743,DEN,24.0,24,0,225.0,32,69,0.464,15,38,0.395,8,12,0.667,1,20,21,27,13,0,14,24,87,Collin Gillespie,Undrafted,Undrafted
1042,1631367,2023-24,00,1610612763,MEM,25.0,37,14,654.0,60,144,0.417,51,120,0.425,2,2,1.0,8,35,43,131,27,5,29,35,173,Jacob Gilyard,Undrafted,Undrafted
1043,1631367,2023-24,00,1610612751,BKN,25.0,4,0,45.0,0,6,0.0,0,6,0.0,0,0,0.0,1,2,3,6,6,0,1,4,0,Jacob Gilyard,Undrafted,Undrafted
1055,203497,2023-24,00,1610612750,MIN,31.0,76,76,2593.0,406,614,0.661,0,3,0.0,249,390,0.638,285,697,982,102,52,162,118,238,1061,Rudy Gobert,2013,27
1058,1630692,2023-24,00,1610612756,PHX,25.0,40,0,559.0,75,193,0.389,23,80,0.288,25,29,0.862,40,77,117,78,23,9,29,43,198,Jordan Goodwin,Undrafted,Undrafted
1059,1630692,2023-24,00,1610612763,MEM,25.0,17,12,497.0,66,189,0.349,19,61,0.311,19,30,0.633,48,88,136,77,25,9,27,33,170,Jordan Goodwin,Undrafted,Undrafted
1072,203932,2023-24,00,1610612743,DEN,28.0,73,73,2297.0,398,716,0.556,40,138,0.29,177,269,0.658,174,297,471,259,56,45,105,142,1013,Aaron Gordon,2014,4
1090,201569,2023-24,00,1610612756,PHX,35.0,68,24,1893.0,274,618,0.443,150,397,0.378,51,64,0.797,16,106,122,139,66,30,73,79,749,Eric Gordon,2008,7
1098,1628984,2023-24,00,1610612759,SAS,29.0,23,0,313.0,38,108,0.352,25,83,0.301,13,16,0.813,5,31,36,49,9,2,17,14,114,Devonte' Graham,2018,34
1110,203924,2023-24,00,1610612757,POR,30.0,54,54,1830.0,383,850,0.451,111,276,0.402,255,312,0.817,37,154,191,152,45,34,116,117,1132,Jerami Grant,2014,39
1112,1631260,2023-24,00,1610612749,MIL,24.0,56,0,614.0,83,196,0.423,69,169,0.408,17,19,0.895,9,55,64,30,9,4,12,49,252,AJ Green,Undrafted,Undrafted
1129,201980,2023-24,00,1610612755,PHI,36.0,2,0,18.0,0,2,0.0,0,1,0.0,0,0,0.0,0,2,2,1,1,0,0,1,0,Danny Green,2009,46
1141,203110,2023-24,00,1610612744,GSW,34.0,55,52,1490.0,185,372,0.497,51,129,0.395,54,74,0.73,76,322,398,332,55,47,135,166,475,Draymond Green,2012,35
1144,1630224,2023-24,00,1610612745,HOU,22.0,82,82,2601.0,563,1332,0.423,201,605,0.332,283,352,0.804,41,382,423,291,66,28,191,115,1610,Jalen Green,2021,2
1168,201145,2023-24,00,1610612745,HOU,37.0,78,6,1307.0,167,366,0.456,53,160,0.331,122,149,0.819,46,132,178,70,16,31,46,100,509,Jeff Green,2007,5
1172,1630182,2023-24,00,1610612742,DAL,23.0,57,33,1505.0,179,374,0.479,72,187,0.385,39,57,0.684,40,144,184,130,47,9,60,107,469,Josh Green,2020,18
1174,1631100,2023-24,00,1610612737,ATL,20.0,20,0,171.0,18,62,0.29,10,39,0.256,2,2,1.0,2,16,18,5,1,2,8,6,48,AJ Griffin,2022,16
1177,1629656,2023-24,00,1610612752,NYK,24.0,45,18,910.0,113,286,0.395,77,212,0.363,24,34,0.706,14,74,88,52,30,3,21,66,327,Quentin Grimes,2021,25
1178,1629656,2023-24,00,1610612765,DET,24.0,6,0,115.0,9,42,0.214,4,28,0.143,10,11,0.909,1,11,12,14,5,4,7,9,32,Quentin Grimes,2021,25
1180,1631243,2023-24,00,1610612737,ATL,21.0,6,0,73.0,8,23,0.348,3,9,0.333,5,6,0.833,10,12,22,4,5,4,1,13,24,Mouhamed Gueye,2023,39
1187,1629060,2023-24,00,1610612747,LAL,26.0,68,39,1825.0,363,676,0.537,98,232,0.422,99,134,0.739,58,236,294,81,41,25,46,101,923,Rui Hachimura,2019,9
1193,1630169,2023-24,00,1610612754,IND,24.0,69,68,2224.0,500,1048,0.477,195,535,0.364,194,227,0.855,35,236,271,752,83,48,159,75,1389,Tyrese Haliburton,2020,12
1201,1630181,2023-24,00,1610612748,MIA,23.0,8,2,76.0,4,14,0.286,1,8,0.125,1,2,0.5,2,4,6,8,0,0,3,8,10,R.J. Hampton,2020,24
1214,203501,2023-24,00,1610612742,DAL,32.0,79,12,2120.0,392,976,0.402,211,597,0.353,144,169,0.852,22,232,254,139,42,6,69,106,1139,Tim Hardaway Jr.,2013,24
1233,201935,2023-24,00,1610612746,LAC,34.0,72,72,2470.0,352,822,0.428,186,488,0.381,302,344,0.878,34,335,369,614,77,57,185,127,1192,James Harden,2009,3
1235,1630702,2023-24,00,1610612742,DAL,21.0,73,7,989.0,195,479,0.407,81,224,0.362,59,76,0.776,20,111,131,109,22,4,62,80,530,Jaden Hardy,2022,37
1237,1631199,2023-24,00,1610612761,TOR,24.0,1,0,4.0,0,0,0.0,0,0,0.0,0,0,0.0,0,0,0,1,0,0,0,2,0,Ron Harper Jr.,Undrafted,Undrafted
1249,203914,2023-24,00,1610612753,ORL,29.0,54,27,1297.0,131,297,0.441,76,205,0.371,34,45,0.756,24,67,91,87,49,14,31,91,372,Gary Harris,2014,19
1259,203925,2023-24,00,1610612765,DET,32.0,16,0,170.0,14,39,0.359,10,30,0.333,1,2,0.5,3,10,13,10,3,2,4,19,39,Joe Harris,2014,33
1261,1630284,2023-24,00,1610612753,ORL,26.0,2,0,6.0,2,3,0.667,0,0,0.0,0,0,0.0,0,2,2,1,0,0,1,3,4,Kevon Harris,Undrafted,Undrafted
1282,202699,2023-24,00,1610612755,PHI,31.0,70,70,2368.0,463,951,0.487,91,258,0.353,187,213,0.878,80,373,453,217,70,46,93,115,1204,Tobias Harris,2011,19
1293,1628404,2023-24,00,1610612752,NYK,29.0,81,42,2707.0,295,679,0.434,80,258,0.31,91,115,0.791,128,547,675,331,75,23,118,171,761,Josh Hart,2017,30
1301,1628392,2023-24,00,1610612752,NYK,26.0,75,49,1896.0,235,365,0.644,1,3,0.333,111,157,0.707,244,382,626,188,87,85,93,210,582,Isaiah Hartenstein,2017,43
1304,1630573,2023-24,00,1610612738,BOS,26.0,79,13,1741.0,249,558,0.446,197,465,0.424,17,19,0.895,45,231,276,82,40,25,32,99,712,Sam Hauser,Undrafted,Undrafted
1305,1641722,2023-24,00,1610612740,NOP,22.0,67,10,1161.0,174,456,0.382,109,298,0.366,67,80,0.838,29,119,148,70,19,7,40,72,524,Jordan Hawkins,2023,14
1310,1629637,2023-24,00,1610612747,LAL,24.0,70,5,877.0,126,175,0.72,0,8,0.0,51,82,0.622,69,142,211,33,34,29,43,123,303,Jaxson Hayes,2019,8
1314,1630165,2023-24,00,1610612765,DET,22.0,42,31,1008.0,117,283,0.413,22,74,0.297,33,50,0.66,11,108,119,205,36,20,51,75,289,Killian Hayes,2020,7
1328,202330,2023-24,00,1610612766,CHA,34.0,25,25,798.0,139,297,0.468,22,61,0.361,62,81,0.765,25,92,117,116,28,12,51,46,362,Gordon Hayward,2010,9
1329,202330,2023-24,00,1610612760,OKC,34.0,26,3,447.0,48,106,0.453,15,29,0.517,27,39,0.692,13,51,64,42,12,1,15,21,138,Gordon Hayward,2010,9
1331,1630703,2023-24,00,1610612757,POR,20.0,62,32,1765.0,307,797,0.385,87,268,0.325,167,204,0.819,53,141,194,336,48,13,212,195,868,Scoot Henderson,2023,3
1332,1641707,2023-24,00,1610612762,UTA,20.0,40,23,856.0,108,240,0.45,53,140,0.379,23,29,0.793,46,139,185,32,28,30,27,77,292,Taylor Hendricks,2023,9
1337,1629639,2023-24,00,1610612748,MIA,24.0,42,40,1407.0,324,735,0.441,132,333,0.396,95,111,0.856,19,203,222,188,30,3,93,63,875,Tyler Herro,2019,13
1349,1627741,2023-24,00,1610612754,IND,31.0,52,28,1336.0,229,517,0.443,137,357,0.384,28,33,0.848,34,133,167,139,43,31,62,103,623,Buddy Hield,2016,6
1350,1627741,2023-24,00,1610612755,PHI,31.0,32,14,824.0,142,333,0.426,82,211,0.389,24,26,0.923,27,75,102,97,27,11,41,66,390,Buddy Hield,2016,6
1355,1629312,2023-24,00,1610612748,MIA,27.0,66,26,1366.0,153,329,0.465,76,192,0.396,23,36,0.639,65,145,210,70,53,30,34,117,405,Haywood Highsmith,2018,
1358,1630207,2023-24,00,1610612745,HOU,24.0,15,0,75.0,11,26,0.423,7,14,0.5,4,5,0.8,7,15,22,10,3,2,3,11,33,Nate Hinton,Undrafted,Undrafted
1359,1641793,2023-24,00,1610612747,LAL,25.0,7,0,41.0,5,15,0.333,3,12,0.25,1,2,0.5,0,0,0,5,1,1,1,4,14,D'Moi Hodge,Undrafted,Undrafted
1367,1628988,2023-24,00,1610612745,HOU,27.0,78,1,1269.0,186,417,0.446,84,217,0.387,58,63,0.921,23,100,123,140,42,6,53,125,514,Aaron Holiday,2018,23
1382,201950,2023-24,00,1610612738,BOS,33.0,69,69,2263.0,331,689,0.48,138,322,0.429,60,72,0.833,84,289,373,333,61,53,124,108,860,Jrue Holiday,2009,17
1401,203200,2023-24,00,1610612743,DEN,35.0,58,9,862.0,88,194,0.454,55,136,0.404,3,4,0.75,9,62,71,67,36,9,14,69,234,Justin Holiday,Undrafted,Undrafted
1410,1626158,2023-24,00,1610612742,DAL,30.0,23,2,237.0,33,59,0.559,0,0,0.0,12,21,0.571,33,45,78,15,3,9,12,33,78,Richaun Holmes,2015,37
1411,1626158,2023-24,00,1610612764,WAS,30.0,17,8,318.0,49,88,0.557,1,3,0.333,22,26,0.846,38,66,104,10,8,10,12,41,121,Richaun Holmes,2015,37
1413,1631096,2023-24,00,1610612760,OKC,22.0,82,82,2413.0,505,953,0.53,129,349,0.37,218,275,0.793,129,519,648,200,53,190,131,197,1357,Chet Holmgren,2022,2
1414,1641720,2023-24,00,1610612747,LAL,20.0,21,0,109.0,10,45,0.222,2,15,0.133,12,20,0.6,2,11,13,8,3,2,9,13,34,Jalen Hood-Schifino,2023,17
1431,201143,2023-24,00,1610612738,BOS,37.0,65,33,1740.0,214,419,0.511,108,258,0.419,26,30,0.867,82,331,413,168,38,62,48,93,562,Al Horford,2007,3
1436,1629659,2023-24,00,1610612762,UTA,23.0,51,11,1009.0,184,465,0.396,60,182,0.33,88,109,0.807,21,100,121,177,45,19,65,94,516,Talen Horton-Tucker,2019,46
1447,1627863,2023-24,00,1610612755,PHI,30.0,34,4,509.0,47,105,0.448,15,50,0.3,35,46,0.761,16,42,58,28,15,5,19,45,144,Danuel House Jr.,Undrafted,Undrafted
1449,1631216,2023-24,00,1610612753,ORL,21.0,59,13,815.0,80,206,0.388,72,193,0.373,21,26,0.808,28,56,84,29,15,4,16,61,253,Caleb Houstan,2022,32
1450,1641724,2023-24,00,1610612753,ORL,20.0,18,0,67.0,10,30,0.333,7,25,0.28,2,4,0.5,1,6,7,6,2,2,3,4,29,Jett Howard,2023,11
1456,1628989,2023-24,00,1610612758,SAC,25.0,64,59,1562.0,248,560,0.443,123,341,0.361,36,47,0.766,38,186,224,166,45,23,53,135,655,Kevin Huerter,2018,19
1459,1630643,2023-24,00,1610612743,DEN,26.0,20,0,49.0,9,15,0.6,3,9,0.333,2,2,1.0,2,9,11,2,2,3,1,9,23,Jay Huff,Undrafted,Undrafted
1464,1629631,2023-24,00,1610612737,ATL,26.0,57,37,1681.0,304,663,0.459,117,304,0.385,166,196,0.847,31,191,222,87,40,16,83,146,891,De'Andre Hunter,2019,4
1469,1630538,2023-24,00,1610612746,LAC,23.0,37,5,540.0,97,251,0.386,44,135,0.326,18,23,0.783,5,50,55,93,26,4,44,51,256,Bones Hyland,2021,26
1479,204060,2023-24,00,1610612753,ORL,36.0,68,0,1169.0,99,227,0.436,70,161,0.435,28,34,0.824,18,124,142,203,43,5,67,88,296,Joe Ingles,Undrafted,Undrafted
1487,1627742,2023-24,00,1610612740,NOP,26.0,64,64,2103.0,500,1017,0.492,86,242,0.355,246,307,0.801,43,281,324,363,50,40,163,145,1332,Brandon Ingram,2016,2
1502,202681,2023-24,00,1610612742,DAL,32.0,58,58,2030.0,562,1131,0.497,173,421,0.411,190,210,0.905,44,246,290,299,74,28,106,112,1487,Kyrie Irving,2011,1
1507,1628371,2023-24,00,1610612753,ORL,26.0,58,2,915.0,146,286,0.51,42,112,0.375,59,82,0.72,73,187,260,30,43,70,27,64,393,Jonathan Isaac,2017,6
1509,1631093,2023-24,00,1610612765,DET,22.0,77,61,2218.0,417,973,0.429,124,369,0.336,227,303,0.749,86,178,264,296,57,41,190,204,1185,Jaden Ivey,2022,5
1510,1641713,2023-24,00,1610612763,MEM,19.0,48,18,1233.0,241,563,0.428,102,286,0.357,115,153,0.752,53,143,196,59,28,24,65,64,699,GG Jackson,2023,45
1513,1630543,2023-24,00,1610612754,IND,22.0,60,3,771.0,155,233,0.665,0,4,0.0,73,102,0.716,94,144,238,50,34,61,39,137,383,Isaiah Jackson,2021,22
1532,202704,2023-24,00,1610612743,DEN,34.0,82,23,1817.0,326,756,0.431,102,284,0.359,79,98,0.806,33,122,155,308,44,13,106,149,833,Reggie Jackson,2011,24
1533,1641748,2023-24,00,1610612749,MIL,22.0,57,8,572.0,50,100,0.5,17,46,0.37,8,11,0.727,43,70,113,50,16,6,28,92,125,Andre Jackson Jr.,2023,36
1539,1628991,2023-24,00,1610612763,MEM,24.0,66,66,2124.0,516,1162,0.444,117,366,0.32,337,417,0.808,85,280,365,154,80,106,160,235,1486,Jaren Jackson Jr.,2018,4
1540,1631218,2023-24,00,1610612744,GSW,24.0,68,16,1130.0,233,332,0.702,0,1,0.0,74,132,0.561,135,206,341,82,29,76,49,108,540,Trayce Jackson-Davis,2023,57
1561,2544,2023-24,00,1610612747,LAL,39.0,71,71,2504.0,685,1269,0.54,149,363,0.41,303,404,0.75,61,457,518,589,89,38,245,78,1822,LeBron James,2003,1
1562,1631170,2023-24,00,1610612748,MIA,23.0,75,20,2113.0,341,697,0.489,65,202,0.322,142,175,0.811,82,203,285,195,77,20,110,167,889,Jaime Jaquez Jr.,2023,18
1568,1629610,2023-24,00,1610612752,NYK,26.0,17,0,46.0,6,17,0.353,2,10,0.2,0,2,0.0,0,5,5,5,0,1,3,2,14,DaQuan Jeffries,Undrafted,Undrafted
1573,1629660,2023-24,00,1610612739,CLE,26.0,2,0,15.0,2,4,0.5,0,1,0.0,0,0,0.0,1,0,1,3,0,0,1,2,4,Ty Jerome,2019,24
1577,1630198,2023-24,00,1610612760,OKC,24.0,78,1,1445.0,222,485,0.458,147,353,0.416,45,52,0.865,32,148,180,99,46,22,47,87,636,Isaiah Joe,2020,49
1584,1629661,2023-24,00,1610612751,BKN,28.0,58,47,1599.0,276,619,0.446,138,353,0.391,86,109,0.789,55,196,251,138,49,15,57,105,776,Cameron Johnson,2019,11
1587,1630552,2023-24,00,1610612737,ATL,22.0,56,52,1889.0,359,702,0.511,71,200,0.355,107,147,0.728,74,414,488,203,67,47,101,133,896,Jalen Johnson,2021,20
1592,1629640,2023-24,00,1610612759,SAS,24.0,69,27,2038.0,391,862,0.454,127,367,0.346,175,221,0.792,95,282,377,195,51,20,100,149,1084,Keldon Johnson,2019,29
1597,1630553,2023-24,00,1610612751,BKN,22.0,5,0,61.0,8,21,0.381,4,10,0.4,11,12,0.917,3,4,7,3,3,1,5,5,31,Keon Johnson,2021,21
1598,1641749,2023-24,00,1610612760,OKC,24.0,9,0,66.0,5,16,0.313,1,3,0.333,0,0,0.0,4,6,10,4,1,0,4,5,11,Keyontae Johnson,2023,50
1607,203999,2023-24,00,1610612743,DEN,29.0,79,79,2737.0,822,1411,0.583,83,231,0.359,358,438,0.817,223,753,976,708,108,68,237,194,2085,Nikola Jokic,2014,41
1608,1641732,2023-24,00,1610612758,SAC,22.0,30,0,192.0,28,71,0.394,2,22,0.091,6,11,0.545,17,23,40,20,7,5,10,29,64,Colby Jones,2023,34
1621,1627745,2023-24,00,1610612739,CLE,28.0,39,0,270.0,43,72,0.597,3,14,0.214,18,21,0.857,20,42,62,15,7,13,13,27,107,Damian Jones,2016,30
1624,1630529,2023-24,00,1610612740,NOP,25.0,76,76,2321.0,293,588,0.498,114,273,0.418,137,158,0.867,74,198,272,199,105,62,93,224,837,Herbert Jones,2021,35
1628,1630200,2023-24,00,1610612759,SAS,24.0,77,48,2138.0,303,600,0.505,64,191,0.335,101,118,0.856,58,231,289,478,78,9,116,92,771,Tre Jones,2020,41
1637,1626145,2023-24,00,1610612764,WAS,28.0,66,66,1933.0,326,666,0.489,106,256,0.414,32,40,0.8,20,159,179,485,71,18,66,48,790,Tyus Jones,2015,24
1647,1627884,2023-24,00,1610612742,DAL,27.0,76,66,1783.0,239,495,0.483,82,239,0.343,97,136,0.713,82,168,250,75,53,51,65,121,657,Derrick Jones Jr.,Undrafted,Undrafted
1667,201599,2023-24,00,1610612743,DEN,35.0,36,2,396.0,58,93,0.624,0,0,0.0,26,53,0.491,54,103,157,26,6,16,23,56,142,DeAndre Jordan,2008,35
1682,202709,2023-24,00,1610612744,GSW,32.0,26,0,296.0,23,64,0.359,13,42,0.31,4,7,0.571,6,24,30,42,4,3,12,25,63,Cory Joseph,2011,29
1684,1631107,2023-24,00,1610612748,MIA,20.0,46,38,896.0,127,281,0.452,65,163,0.399,33,47,0.702,25,167,192,90,25,14,42,82,352,Nikola Jovic,2022,27
1686,1630548,2023-24,00,1610612762,UTA,23.0,20,5,372.0,51,110,0.464,32,77,0.416,10,14,0.714,7,29,36,23,4,2,13,29,144,Johnny Juzang,Undrafted,Undrafted
1695,1628379,2023-24,00,1610612763,MEM,27.0,39,22,999.0,141,315,0.448,107,238,0.45,40,45,0.889,11,102,113,136,20,2,54,39,429,Luke Kennard,2017,12
1697,1631117,2023-24,00,1610612762,UTA,22.0,64,22,1493.0,229,350,0.654,4,19,0.211,56,93,0.602,165,316,481,60,30,154,66,132,518,Walker Kessler,2022,22
1702,1630296,2023-24,00,1610612743,DEN,27.0,20,0,60.0,7,17,0.412,2,5,0.4,6,8,0.75,3,15,18,9,2,1,1,5,22,Braxton Key,Undrafted,Undrafted
1705,1630557,2023-24,00,1610612764,WAS,25.0,80,22,2067.0,386,794,0.486,184,480,0.383,114,157,0.726,30,195,225,156,41,16,98,141,1070,Corey Kispert,2021,15
1712,1628467,2023-24,00,1610612742,DAL,32.0,43,7,871.0,63,146,0.432,32,92,0.348,33,47,0.702,30,113,143,68,17,30,28,79,191,Maxi Kleber,Undrafted,Undrafted
1725,1628995,2023-24,00,1610612765,DET,24.0,31,11,560.0,86,186,0.462,31,94,0.33,20,22,0.909,18,57,75,23,13,7,22,50,223,Kevin Knox II,2018,9
1731,1629723,2023-24,00,1610612763,MEM,28.0,55,23,1174.0,88,208,0.423,38,120,0.317,21,25,0.84,72,185,257,110,51,51,46,76,235,John Konchar,Undrafted,Undrafted
1738,1627788,2023-24,00,1610612755,PHI,26.0,35,0,300.0,30,76,0.395,14,40,0.35,14,20,0.7,4,26,30,25,14,3,10,17,88,Furkan Korkmaz,2016,26
1750,1628436,2023-24,00,1610612738,BOS,28.0,63,7,983.0,142,203,0.7,1,1,1.0,49,54,0.907,118,143,261,67,23,61,21,77,334,Luke Kornet,Undrafted,Undrafted
1753,1630228,2023-24,00,1610612744,GSW,21.0,74,46,1949.0,456,862,0.529,53,165,0.321,223,299,0.746,92,263,355,163,55,36,122,169,1188,Jonathan Kuminga,2021,7
1760,1628398,2023-24,00,1610612764,WAS,28.0,70,70,2281.0,608,1313,0.463,151,450,0.336,186,240,0.775,62,402,464,296,37,49,192,153,1553,Kyle Kuzma,2017,27
1762,1631222,2023-24,00,1610612763,MEM,22.0,35,6,806.0,118,303,0.389,53,156,0.34,90,109,0.826,51,77,128,58,29,12,45,69,379,Jake LaRavia,2022,19
1772,203897,2023-24,00,1610612741,CHI,29.0,25,23,872.0,170,376,0.452,59,169,0.349,88,103,0.854,8,121,129,98,21,8,52,57,487,Zach LaVine,2014,13
1775,1629111,2023-24,00,1610612745,HOU,28.0,56,3,764.0,106,206,0.515,10,40,0.25,52,65,0.8,88,84,172,65,20,33,31,74,274,Jock Landale,Undrafted,Undrafted
1779,1630639,2023-24,00,1610612742,DAL,23.0,42,0,311.0,54,121,0.446,13,50,0.26,15,23,0.652,14,36,50,20,10,3,14,22,136,A.J. Lawson,Undrafted,Undrafted
1791,1627747,2023-24,00,1610612739,CLE,29.0,68,10,1958.0,345,820,0.421,108,332,0.325,154,201,0.766,39,241,280,346,76,34,117,121,952,Caris LeVert,2016,20
1803,1630240,2023-24,00,1610612756,PHX,24.0,24,0,185.0,20,55,0.364,2,16,0.125,29,39,0.744,9,22,31,30,7,3,8,13,71,Saben Lee,2020,38
1818,203458,2023-24,00,1610612758,SAC,30.0,48,0,444.0,50,81,0.617,0,3,0.0,20,34,0.588,46,82,128,50,11,33,27,66,120,Alex Len,2013,5
1830,202695,2023-24,00,1610612746,LAC,32.0,68,68,2330.0,610,1162,0.525,140,336,0.417,253,286,0.885,84,332,416,244,111,59,119,97,1613,Kawhi Leonard,2011,15
1831,1641721,2023-24,00,1610612747,LAL,21.0,34,0,103.0,4,21,0.19,1,9,0.111,2,3,0.667,2,2,4,6,2,1,10,5,11,Maxwell Lewis,2023,40
1835,1630184,2023-24,00,1610612740,NOP,23.0,15,0,144.0,16,52,0.308,2,20,0.1,10,11,0.909,4,10,14,18,5,1,8,8,44,Kira Lewis Jr.,2020,13
1836,1630184,2023-24,00,1610612761,TOR,23.0,1,0,2.0,0,0,0.0,0,0,0.0,0,0,0.0,0,0,0,0,0,0,0,1,0,Kira Lewis Jr.,2020,13
1837,1630184,2023-24,00,1610612762,UTA,23.0,12,0,119.0,18,40,0.45,2,13,0.154,7,9,0.778,5,7,12,19,4,1,6,4,45,Kira Lewis Jr.,2020,13
1839,1630604,2023-24,00,1610612740,NOP,23.0,8,0,23.0,1,6,0.167,0,5,0.0,2,2,1.0,0,5,5,1,2,2,2,2,4,E.J. Liddell,2022,41
1851,203081,2023-24,00,1610612749,MIL,33.0,73,73,2578.0,541,1277,0.424,220,622,0.354,473,514,0.92,36,284,320,508,72,18,193,134,1775,Damian Lillard,2012,6
1856,1629642,2023-24,00,1610612756,PHX,24.0,45,2,458.0,57,124,0.46,21,70,0.3,17,20,0.85,14,61,75,21,10,10,14,39,152,Nassir Little,2019,25
1857,1641726,2023-24,00,1610612742,DAL,20.0,55,42,1294.0,221,296,0.747,0,2,0.0,41,81,0.506,135,243,378,60,36,77,50,144,483,Dereck Lively II,2023,12
1860,1630587,2023-24,00,1610612765,DET,25.0,23,6,469.0,40,116,0.345,22,77,0.286,12,18,0.667,15,33,48,25,13,5,16,43,114,Isaiah Livers,2021,42
1861,1641753,2023-24,00,1610612749,MIL,20.0,21,0,91.0,11,22,0.5,1,5,0.2,3,4,0.75,3,18,21,5,2,0,5,15,26,Chris Livingston,2023,58
1863,1631254,2023-24,00,1610612763,MEM,21.0,15,0,99.0,14,37,0.378,3,10,0.3,8,15,0.533,2,13,15,14,3,3,6,15,39,Kenneth Lofton Jr.,Undrafted,Undrafted
1864,1631254,2023-24,00,1610612755,PHI,21.0,2,0,9.0,1,6,0.167,0,2,0.0,0,0,0.0,0,3,3,0,0,0,2,0,2,Kenneth Lofton Jr.,Undrafted,Undrafted
1865,1631254,2023-24,00,1610612762,UTA,21.0,4,0,91.0,21,35,0.6,4,12,0.333,9,11,0.818,10,10,20,19,3,2,6,9,55,Kenneth Lofton Jr.,Undrafted,Undrafted
1875,1626172,2023-24,00,1610612744,GSW,28.0,74,36,1194.0,139,233,0.597,0,1,0.0,56,83,0.675,143,276,419,133,28,29,50,155,334,Kevon Looney,2015,30
1891,201572,2023-24,00,1610612749,MIL,36.0,79,79,2411.0,366,755,0.485,148,404,0.366,110,134,0.821,117,292,409,127,43,189,79,191,990,Brook Lopez,2008,10
1907,201577,2023-24,00,1610612749,MIL,36.0,16,2,65.0,7,19,0.368,2,8,0.25,2,2,1.0,3,2,5,4,1,3,2,7,18,Robin Lopez,2008,15
1925,201567,2023-24,00,1610612748,MIA,35.0,55,5,924.0,158,359,0.44,84,244,0.344,85,108,0.787,59,279,338,115,18,10,48,97,485,Kevin Love,2008,5
1945,200768,2023-24,00,1610612748,MIA,38.0,37,35,1037.0,103,242,0.426,62,161,0.385,35,42,0.833,25,104,129,147,39,15,53,94,303,Kyle Lowry,2006,24
1946,200768,2023-24,00,1610612755,PHI,38.0,23,20,653.0,60,135,0.444,36,89,0.404,28,33,0.848,9,56,65,106,20,6,32,52,184,Kyle Lowry,2006,24
1948,1641754,2023-24,00,1610612737,ATL,24.0,9,0,52.0,4,17,0.235,3,13,0.231,3,4,0.75,1,6,7,0,0,0,1,6,14,Seth Lundy,2023,46
1959,1626168,2023-24,00,1610612758,SAC,28.0,58,0,1158.0,143,321,0.445,84,219,0.384,49,70,0.7,61,196,257,72,17,19,38,86,419,Trey Lyles,2015,12
1963,1630177,2023-24,00,1610612766,CHA,22.0,13,1,200.0,19,66,0.288,5,30,0.167,11,12,0.917,4,19,23,28,7,0,15,18,54,Theo Maledon,2020,34
1964,1630177,2023-24,00,1610612756,PHX,22.0,4,0,13.0,1,4,0.25,0,0,0.0,3,3,1.0,0,1,1,0,0,0,3,3,5,Theo Maledon,2020,34
1970,1630572,2023-24,00,1610612759,SAS,25.0,46,5,451.0,73,155,0.471,19,64,0.297,25,34,0.735,45,102,147,49,7,12,19,35,190,Sandro Mamukelashvili,2021,54
1975,1629611,2023-24,00,1610612746,LAC,27.0,75,71,1873.0,254,493,0.515,71,204,0.348,79,95,0.832,87,167,254,119,43,15,48,145,658,Terance Mann,2019,48
1978,1630544,2023-24,00,1610612760,OKC,23.0,13,0,119.0,20,40,0.5,8,19,0.421,1,1,1.0,4,20,24,20,3,0,9,3,49,Tre Mann,2021,18
1979,1630544,2023-24,00,1610612766,CHA,23.0,28,28,868.0,125,276,0.453,39,107,0.364,44,58,0.759,16,109,125,145,48,3,56,45,333,Tre Mann,2021,18
1993,1626246,2023-24,00,1610612745,HOU,35.0,14,0,71.0,18,34,0.529,0,2,0.0,9,14,0.643,7,25,32,6,1,2,5,5,45,Boban Marjanovic,Undrafted,Undrafted
2000,1628374,2023-24,00,1610612762,UTA,27.0,55,55,1820.0,427,890,0.48,175,439,0.399,249,277,0.899,122,327,449,110,50,26,77,100,1278,Lauri Markkanen,2017,7
2004,1630230,2023-24,00,1610612740,NOP,26.0,66,1,1257.0,170,367,0.463,58,150,0.387,68,86,0.791,53,187,240,128,49,12,65,91,466,Naji Marshall,Undrafted,Undrafted
2009,1628997,2023-24,00,1610612748,MIA,28.0,64,23,1757.0,241,559,0.431,81,232,0.349,77,99,0.778,74,207,281,143,47,29,77,126,640,Caleb Martin,Undrafted,Undrafted
2014,1628998,2023-24,00,1610612766,CHA,28.0,28,22,753.0,82,215,0.381,27,86,0.314,20,33,0.606,19,90,109,104,32,18,44,48,211,Cody Martin,2019,36
2018,1630231,2023-24,00,1610612746,LAC,23.0,2,0,31.0,4,10,0.4,1,5,0.2,1,2,0.5,1,2,3,1,2,1,2,3,10,KJ Martin,2020,52
2019,1630231,2023-24,00,1610612755,PHI,23.0,58,2,715.0,93,171,0.544,7,23,0.304,21,39,0.538,40,88,128,50,20,11,30,97,214,KJ Martin,2020,52
2027,1629726,2023-24,00,1610612737,ATL,27.0,66,5,992.0,103,226,0.456,85,193,0.44,34,42,0.81,17,75,92,37,20,8,19,115,325,Garrison Mathews,Undrafted,Undrafted
2029,1631097,2023-24,00,1610612754,IND,21.0,59,19,1538.0,296,663,0.446,80,214,0.374,184,224,0.821,60,174,234,119,35,14,97,117,856,Bennedict Mathurin,2022,6
2047,202083,2023-24,00,1610612737,ATL,37.0,36,3,413.0,34,97,0.351,24,69,0.348,18,24,0.75,9,44,53,23,16,11,8,43,110,Wesley Matthews,Undrafted,Undrafted
2051,1630178,2023-24,00,1610612755,PHI,23.0,70,70,2626.0,638,1419,0.45,212,569,0.373,328,378,0.868,36,222,258,433,69,33,116,151,1816,Tyrese Maxey,2020,21
2055,1630219,2023-24,00,1610612757,POR,26.0,21,5,356.0,53,138,0.384,14,49,0.286,13,17,0.765,9,28,37,75,14,3,18,20,133,Skylar Mays,2020,50
2056,1630219,2023-24,00,1610612747,LAL,26.0,17,0,77.0,10,21,0.476,2,5,0.4,0,0,0.0,1,5,6,10,7,1,2,6,22,Skylar Mays,2020,50
2060,1630540,2023-24,00,1610612752,NYK,23.0,68,14,1328.0,205,454,0.452,109,266,0.41,43,50,0.86,31,69,100,114,50,7,30,108,562,Miles McBride,2021,36
2073,203468,2023-24,00,1610612740,NOP,32.0,66,66,2159.0,484,1055,0.459,239,557,0.429,115,139,0.827,39,247,286,305,62,41,110,126,1322,CJ McCollum,2013,10
2082,204456,2023-24,00,1610612754,IND,32.0,71,4,1291.0,330,593,0.556,18,44,0.409,49,62,0.79,36,155,191,390,72,8,108,79,727,T.J. McConnell,2015,
2086,1630183,2023-24,00,1610612750,MIN,23.0,72,71,2105.0,307,628,0.489,86,255,0.337,57,79,0.722,56,168,224,101,63,42,87,219,757,Jaden McDaniels,2020,28
2093,1629667,2023-24,00,1610612761,TOR,26.0,50,1,538.0,65,189,0.344,12,71,0.169,27,37,0.73,18,61,79,37,19,6,30,52,169,Jalen McDaniels,2019,52
2107,203926,2023-24,00,1610612759,SAS,32.0,46,0,700.0,95,215,0.442,76,173,0.439,10,17,0.588,8,40,48,57,11,2,24,48,276,Doug McDermott,2014,11
2108,203926,2023-24,00,1610612754,IND,32.0,18,0,204.0,28,69,0.406,18,56,0.321,1,2,0.5,2,9,11,13,5,0,4,16,75,Doug McDermott,2014,11
2131,201580,2023-24,00,1610612758,SAC,36.0,46,0,339.0,79,132,0.598,1,7,0.143,26,45,0.578,42,84,126,17,14,20,34,46,185,JaVale McGee,2008,18
2133,1631121,2023-24,00,1610612766,CHA,21.0,59,14,882.0,101,230,0.439,34,102,0.333,66,85,0.776,17,85,102,51,21,10,30,74,302,Bryce McGowens,2022,40
2138,1629162,2023-24,00,1610612750,MIN,28.0,56,0,626.0,70,145,0.483,42,89,0.472,13,18,0.722,18,54,72,110,35,7,19,31,195,Jordan McLaughlin,Undrafted,Undrafted
2144,1629001,2023-24,00,1610612755,PHI,26.0,38,33,1023.0,139,360,0.386,77,214,0.36,66,79,0.835,28,113,141,114,60,16,39,84,421,De'Anthony Melton,2018,46
2148,1630241,2023-24,00,1610612739,CLE,28.0,61,1,1069.0,158,393,0.402,143,354,0.404,26,28,0.929,22,98,120,108,19,4,19,72,485,Sam Merrill,2020,60
2154,1629002,2023-24,00,1610612756,PHX,27.0,37,5,448.0,66,130,0.508,15,51,0.294,38,43,0.884,24,86,110,19,19,9,27,39,185,Chimezie Metu,2018,49
2155,1629002,2023-24,00,1610612765,DET,27.0,14,7,411.0,57,114,0.5,13,43,0.302,20,21,0.952,17,67,84,27,24,7,25,32,147,Chimezie Metu,2018,49
2157,203995,2023-24,00,1610612760,OKC,30.0,30,0,361.0,37,91,0.407,11,45,0.244,14,19,0.737,1,23,24,76,9,3,29,22,99,Vasilije Micic,2014,52
2158,203995,2023-24,00,1610612766,CHA,30.0,30,21,815.0,122,279,0.437,32,109,0.294,47,56,0.839,13,51,64,186,22,4,70,46,323,Vasilije Micic,2014,52
2171,203114,2023-24,00,1610612749,MIL,32.0,55,55,1487.0,317,643,0.493,94,247,0.381,100,120,0.833,40,217,257,292,51,15,127,141,828,Khris Middleton,2012,39
2172,1641706,2023-24,00,1610612766,CHA,21.0,74,68,2383.0,476,1083,0.44,184,493,0.373,143,173,0.827,60,255,315,175,66,42,132,184,1279,Brandon Miller,2023,2
2173,1641757,2023-24,00,1610612746,LAC,24.0,8,0,28.0,5,9,0.556,1,2,0.5,2,2,1.0,3,2,5,0,0,0,1,2,13,Jordan Miller,2023,48
2174,1631159,2023-24,00,1610612750,MIN,20.0,17,0,52.0,13,20,0.65,2,5,0.4,1,2,0.5,5,15,20,8,2,1,1,5,29,Leonard Miller,2023,33
2189,201988,2023-24,00,1610612737,ATL,35.0,19,0,202.0,19,51,0.373,13,34,0.382,0,0,0.0,5,15,20,14,9,1,8,17,51,Patty Mills,2009,55
2190,201988,2023-24,00,1610612748,MIA,35.0,13,5,213.0,27,80,0.338,11,53,0.208,11,11,1.0,4,11,15,20,11,0,8,15,76,Patty Mills,2009,55
2197,1629003,2023-24,00,1610612750,MIN,27.0,38,0,491.0,64,160,0.4,14,53,0.264,36,44,0.818,7,44,51,50,16,5,28,44,178,Shake Milton,2018,54
2198,1629003,2023-24,00,1610612765,DET,27.0,4,0,63.0,11,26,0.423,3,9,0.333,2,3,0.667,7,11,18,6,2,1,3,3,27,Shake Milton,2018,54
2199,1629003,2023-24,00,1610612752,NYK,27.0,6,0,27.0,4,9,0.444,1,2,0.5,2,2,1.0,0,6,6,4,1,0,0,7,11,Shake Milton,2018,54
2202,1631303,2023-24,00,1610612757,POR,25.0,34,1,381.0,22,74,0.297,12,49,0.245,5,9,0.556,30,26,56,21,9,10,9,35,61,Justin Minaya,Undrafted,Undrafted
2204,1631169,2023-24,00,1610612750,MIN,21.0,32,0,91.0,17,36,0.472,4,10,0.4,12,14,0.857,4,13,17,8,5,5,2,10,50,Josh Minott,2022,45
2207,1630558,2023-24,00,1610612758,SAC,25.0,72,4,1101.0,146,323,0.452,57,158,0.361,30,42,0.714,19,76,95,134,17,3,43,85,379,Davion Mitchell,2021,9
2214,1628378,2023-24,00,1610612739,CLE,27.0,55,55,1943.0,503,1089,0.462,182,494,0.368,275,318,0.865,46,234,280,333,101,30,154,118,1463,Donovan Mitchell,2017,13
2217,1630596,2023-24,00,1610612739,CLE,22.0,50,50,1532.0,320,552,0.58,22,59,0.373,123,171,0.719,111,357,468,160,45,72,90,134,785,Evan Mobley,2021,3
2219,1630600,2023-24,00,1610612739,CLE,24.0,10,0,72.0,10,24,0.417,3,10,0.3,0,1,0.0,3,7,10,6,2,0,2,6,23,Isaiah Mobley,2022,49
2226,1628370,2023-24,00,1610612758,SAC,26.0,72,0,1872.0,396,893,0.443,148,423,0.35,170,205,0.829,28,184,212,370,45,39,150,156,1110,Malik Monk,2017,11
2229,1630541,2023-24,00,1610612744,GSW,22.0,66,9,1156.0,194,420,0.462,72,200,0.36,73,93,0.785,65,131,196,57,42,24,44,90,533,Moses Moody,2021,14
2231,1631111,2023-24,00,1610612750,MIN,22.0,25,0,75.0,9,18,0.5,0,6,0.0,0,0,0.0,0,12,12,6,5,1,4,5,18,Wendell Moore Jr.,2022,26
2236,1629630,2023-24,00,1610612763,MEM,24.0,9,9,318.0,80,170,0.471,14,51,0.275,52,64,0.813,6,44,50,73,7,5,27,19,226,Ja Morant,2019,2
2257,202693,2023-24,00,1610612742,DAL,34.0,26,1,216.0,23,68,0.338,15,42,0.357,5,6,0.833,4,35,39,16,5,3,12,12,66,Markieff Morris,2011,13
2264,1628420,2023-24,00,1610612765,DET,28.0,6,0,68.0,12,33,0.364,2,11,0.182,1,2,0.5,2,10,12,8,1,1,2,1,27,Monte Morris,2017,51
2265,1628420,2023-24,00,1610612750,MIN,28.0,27,0,408.0,50,120,0.417,25,59,0.424,12,17,0.706,5,40,45,61,18,8,5,13,137,Monte Morris,2017,51
2283,202694,2023-24,00,1610612755,PHI,34.0,37,7,637.0,90,205,0.439,36,90,0.4,31,36,0.861,18,91,109,26,13,11,19,61,247,Marcus Morris Sr.,2011,14
2284,202694,2023-24,00,1610612739,CLE,34.0,12,0,180.0,26,59,0.441,12,29,0.414,5,8,0.625,5,20,25,10,2,2,11,13,69,Marcus Morris Sr.,2011,14
2288,1630530,2023-24,00,1610612740,NOP,23.0,57,23,1690.0,275,621,0.443,169,445,0.38,123,151,0.815,42,238,280,124,51,28,34,70,842,Trey Murphy III,2021,17
2295,1627749,2023-24,00,1610612737,ATL,27.0,78,78,2783.0,672,1463,0.459,201,554,0.363,208,262,0.794,62,354,416,502,111,24,201,138,1753,Dejounte Murray,2016,29
2302,1627750,2023-24,00,1610612743,DEN,27.0,59,59,1861.0,474,986,0.481,145,341,0.425,157,184,0.853,42,200,242,384,57,39,125,104,1250,Jamal Murray,2016,7
2304,1631099,2023-24,00,1610612758,SAC,23.0,77,77,2589.0,443,975,0.454,183,511,0.358,103,124,0.831,106,314,420,129,79,59,64,205,1172,Keegan Murray,2022,4
2305,1631200,2023-24,00,1610612757,POR,23.0,62,29,1348.0,145,366,0.396,49,183,0.268,37,56,0.661,85,139,224,80,53,21,55,92,376,Kris Murray,2023,23
2320,203488,2023-24,00,1610612764,WAS,32.0,24,2,338.0,33,90,0.367,14,51,0.275,15,20,0.75,22,53,75,22,5,7,16,31,95,Mike Muscala,2013,44
2321,203488,2023-24,00,1610612765,DET,32.0,13,4,171.0,15,44,0.341,13,34,0.382,2,4,0.5,10,19,29,10,3,5,2,13,45,Mike Muscala,2013,44
2322,203488,2023-24,00,1610612760,OKC,32.0,16,0,91.0,8,22,0.364,1,11,0.091,0,1,0.0,7,14,21,4,1,1,4,8,17,Mike Muscala,2013,44
2335,1629004,2023-24,00,1610612738,BOS,26.0,41,2,413.0,57,137,0.416,42,108,0.389,6,9,0.667,11,40,51,35,11,1,12,19,162,Svi Mykhailiuk,2018,47
2348,1626204,2023-24,00,1610612740,NOP,31.0,61,0,1216.0,138,241,0.573,27,65,0.415,47,61,0.77,94,213,307,113,61,19,49,98,350,Larry Nance Jr.,2015,27
2350,1629614,2023-24,00,1610612754,IND,24.0,68,47,1697.0,260,522,0.498,61,171,0.357,45,56,0.804,36,105,141,280,63,6,101,143,626,Andrew Nembhard,2022,31
2354,1630174,2023-24,00,1610612754,IND,24.0,72,47,1995.0,315,635,0.496,140,334,0.419,107,137,0.781,63,212,275,108,65,49,64,241,877,Aaron Nesmith,2020,14
2362,1627777,2023-24,00,1610612739,CLE,30.0,82,10,1831.0,284,632,0.449,149,396,0.376,51,60,0.85,22,256,278,98,30,18,72,192,768,Georges Niang,2016,50
2365,1630227,2023-24,00,1610612750,MIN,22.0,15,0,50.0,9,24,0.375,6,17,0.353,3,6,0.5,1,2,3,6,5,0,5,2,27,Daishen Nix,Undrafted,Undrafted
2369,1630192,2023-24,00,1610612743,DEN,23.0,58,0,576.0,69,149,0.463,6,23,0.261,42,62,0.677,61,65,126,32,15,38,27,81,186,Zeke Nnaji,2020,22
2370,1641806,2023-24,00,1610612761,TOR,24.0,1,0,4.0,0,1,0.0,0,0,0.0,2,2,1.0,2,0,2,2,1,0,0,0,2,Markquis Nowell,Undrafted,Undrafted
2377,1628373,2023-24,00,1610612766,CHA,25.0,5,0,43.0,1,9,0.111,1,8,0.125,2,2,1.0,1,5,6,4,0,0,1,4,5,Frank Ntilikina,2017,8
2389,203994,2023-24,00,1610612756,PHX,29.0,76,76,2078.0,320,627,0.51,22,90,0.244,167,261,0.64,224,613,837,301,81,80,175,254,829,Jusuf Nurkic,2014,16
2395,1629670,2023-24,00,1610612754,IND,25.0,18,0,183.0,37,82,0.451,11,36,0.306,9,11,0.818,8,25,33,18,6,1,12,19,94,Jordan Nwora,2020,45
2396,1629670,2023-24,00,1610612761,TOR,25.0,34,1,529.0,101,217,0.465,33,95,0.347,35,42,0.833,20,96,116,44,20,12,41,29,270,Jordan Nwora,2020,45
2404,1626220,2023-24,00,1610612751,BKN,30.0,49,6,1202.0,126,325,0.388,97,265,0.366,15,22,0.682,38,183,221,137,32,29,51,120,364,Royce O'Neale,Undrafted,Undrafted
2405,1626220,2023-24,00,1610612756,PHX,30.0,30,8,752.0,88,214,0.411,59,157,0.376,9,13,0.692,22,134,156,82,27,15,22,54,244,Royce O'Neale,Undrafted,Undrafted
2410,1629643,2023-24,00,1610612753,ORL,25.0,47,8,432.0,40,112,0.357,23,82,0.28,4,7,0.571,18,62,80,20,9,7,16,19,107,Chuma Okeke,2019,16
2416,1629006,2023-24,00,1610612756,PHX,25.0,60,11,960.0,86,206,0.417,29,94,0.309,76,102,0.745,74,80,154,64,48,24,36,68,277,Josh Okogie,2018,20
2420,1630168,2023-24,00,1610612737,ATL,23.0,55,8,1405.0,223,365,0.611,23,69,0.333,92,116,0.793,145,231,376,74,26,60,45,162,561,Onyeka Okongwu,2020,6
2424,1630171,2023-24,00,1610612739,CLE,23.0,69,42,1887.0,235,480,0.49,84,215,0.391,93,137,0.679,67,139,206,132,57,34,54,140,647,Isaac Okoro,2020,5
2450,203482,2023-24,00,1610612762,UTA,33.0,50,8,1019.0,145,258,0.562,36,84,0.429,80,95,0.842,63,191,254,219,37,12,81,132,406,Kelly Olynyk,2013,13
2451,203482,2023-24,00,1610612761,TOR,33.0,28,19,739.0,131,239,0.548,24,71,0.338,70,85,0.824,45,112,157,128,37,18,71,98,356,Kelly Olynyk,2013,13
2457,1630647,2023-24,00,1610612764,WAS,27.0,43,0,393.0,81,167,0.485,13,46,0.283,32,49,0.653,35,50,85,35,27,5,21,62,207,Eugene Omoruyi,Undrafted,Undrafted
2464,1626224,2023-24,00,1610612759,SAS,29.0,72,3,1269.0,184,384,0.479,86,221,0.389,35,52,0.673,25,155,180,119,36,11,47,107,489,Cedi Osman,2015,31
2475,1626162,2023-24,00,1610612755,PHI,28.0,68,52,2055.0,387,878,0.441,101,325,0.311,174,232,0.75,94,247,341,101,77,47,87,194,1049,Kelly Oubre Jr.,2015,15
2494,101108,2023-24,00,1610612744,GSW,39.0,58,18,1531.0,206,467,0.441,78,210,0.371,43,52,0.827,18,207,225,393,70,6,76,108,533,Chris Paul,2005,4
2507,1626166,2023-24,00,1610612749,MIL,29.0,47,2,702.0,101,222,0.455,52,131,0.397,37,44,0.841,5,57,62,109,22,3,31,73,291,Cameron Payne,2015,14
2508,1626166,2023-24,00,1610612755,PHI,29.0,31,8,602.0,107,259,0.413,52,136,0.382,21,23,0.913,16,39,55,96,20,8,35,53,287,Cameron Payne,2015,14
2521,1627780,2023-24,00,1610612744,GSW,31.0,44,0,680.0,103,183,0.563,20,55,0.364,14,23,0.609,46,67,113,48,39,18,27,77,240,Gary Payton II,Undrafted,Undrafted
2522,1630196,2023-24,00,1610612755,PHI,24.0,1,0,3.0,0,0,0.0,0,0,0.0,0,0,0.0,0,1,1,0,0,0,0,0,0,Filip Petrusev,2021,50
2523,1630196,2023-24,00,1610612758,SAC,24.0,2,0,7.0,1,2,0.5,0,0,0.0,1,2,0.5,0,0,0,0,0,0,0,1,3,Filip Petrusev,2021,50
2525,1641763,2023-24,00,1610612741,CHI,20.0,40,0,323.0,32,77,0.416,12,38,0.316,13,19,0.684,12,24,36,13,7,7,10,40,89,Julian Phillips,2023,35
2526,1629618,2023-24,00,1610612743,DEN,24.0,27,0,122.0,15,35,0.429,9,25,0.36,3,4,0.75,1,13,14,21,4,0,9,13,42,Jalen Pickett,2023,32
2541,203486,2023-24,00,1610612746,LAC,34.0,46,11,674.0,87,153,0.569,0,6,0.0,70,99,0.707,60,174,234,55,14,17,36,68,244,Mason Plumlee,2013,22
2542,1641764,2023-24,00,1610612744,GSW,21.0,74,28,1968.0,271,597,0.454,90,234,0.385,50,79,0.633,118,309,427,273,61,14,88,122,682,Brandin Podziemski,2023,19
2552,1627751,2023-24,00,1610612761,TOR,28.0,50,50,1319.0,248,378,0.656,0,0,0.0,59,107,0.551,146,283,429,127,35,76,77,149,555,Jakob Poeltl,2016,9
2556,1630197,2023-24,00,1610612760,OKC,22.0,10,0,60.0,4,16,0.25,2,11,0.182,2,4,0.5,2,8,10,5,1,1,3,5,12,Aleksej Pokusevski,2020,17
2557,1630197,2023-24,00,1610612766,CHA,22.0,18,0,345.0,45,105,0.429,16,44,0.364,28,37,0.757,15,64,79,30,14,12,16,17,134,Aleksej Pokusevski,2020,17
2563,1629673,2023-24,00,1610612764,WAS,24.0,78,66,2346.0,490,1186,0.413,184,564,0.326,192,219,0.877,32,180,212,343,86,25,188,244,1356,Jordan Poole,2019,28
2564,1641854,2023-24,00,1610612739,CLE,24.0,51,6,649.0,116,228,0.509,12,34,0.353,41,56,0.732,21,88,109,118,21,15,45,40,285,Craig Porter Jr.,Undrafted,Undrafted
2569,1629008,2023-24,00,1610612743,DEN,25.0,81,81,2565.0,522,1079,0.484,220,554,0.397,92,110,0.836,106,459,565,122,42,53,92,148,1356,Michael Porter Jr.,2018,14
2584,203490,2023-24,00,1610612761,TOR,30.0,15,1,174.0,14,33,0.424,8,23,0.348,3,3,1.0,6,23,29,8,5,5,2,19,39,Otto Porter Jr.,2013,3
2595,1626171,2023-24,00,1610612749,MIL,29.0,82,4,2008.0,466,918,0.508,100,246,0.407,98,124,0.79,142,465,607,104,68,34,91,189,1130,Bobby Portis,2015,22
2605,204001,2023-24,00,1610612738,BOS,28.0,57,57,1690.0,388,752,0.516,110,293,0.375,259,302,0.858,97,312,409,115,42,111,89,156,1145,Kristaps Porzingis,2015,4
2608,1630695,2023-24,00,1610612762,UTA,26.0,16,0,186.0,19,40,0.475,9,21,0.429,6,8,0.75,10,33,43,6,4,6,5,14,53,Micah Potter,Undrafted,Undrafted
2620,203939,2023-24,00,1610612742,DAL,32.0,63,9,836.0,72,106,0.679,1,3,0.333,63,89,0.708,97,117,214,84,26,20,32,113,208,Dwight Powell,2014,45
2633,1626181,2023-24,00,1610612746,LAC,31.0,76,3,1990.0,373,768,0.486,167,384,0.435,143,172,0.831,16,179,195,82,43,22,66,137,1056,Norman Powell,2015,46
2636,1630563,2023-24,00,1610612746,LAC,21.0,2,0,10.0,1,3,0.333,0,1,0.0,0,0,0.0,1,0,1,0,0,1,4,0,2,Joshua Primo,2021,12
2646,1627752,2023-24,00,1610612747,LAL,30.0,78,49,2108.0,253,572,0.442,141,356,0.396,50,68,0.735,21,209,230,119,58,35,73,146,697,Taurean Prince,2016,12
2650,1630202,2023-24,00,1610612738,BOS,26.0,82,5,1826.0,297,635,0.468,147,382,0.385,46,56,0.821,70,195,265,281,39,6,61,106,787,Payton Pritchard,2020,26
2651,1641765,2023-24,00,1610612742,DAL,21.0,40,1,336.0,40,104,0.385,13,45,0.289,28,41,0.683,25,54,79,22,7,4,8,20,121,Olivier-Maxence Prosper,2023,24
2654,1630243,2023-24,00,1610612753,ORL,27.0,14,0,165.0,14,38,0.368,3,17,0.176,9,12,0.75,3,17,20,18,7,5,7,15,40,Trevelin Queen,Undrafted,Undrafted
2657,1629674,2023-24,00,1610612738,BOS,24.0,28,0,333.0,67,104,0.644,0,0,0.0,20,28,0.714,53,69,122,20,13,21,13,50,154,Neemias Queta,2021,39
2661,1630193,2023-24,00,1610612752,NYK,24.0,30,0,720.0,152,335,0.454,64,162,0.395,82,94,0.872,5,72,77,74,16,3,31,44,450,Immanuel Quickley,2020,25
2662,1630193,2023-24,00,1610612761,TOR,24.0,38,38,1265.0,236,559,0.422,107,271,0.395,127,151,0.841,12,170,182,257,34,7,70,75,706,Immanuel Quickley,2020,25
2665,1631311,2023-24,00,1610612744,GSW,23.0,37,0,394.0,56,141,0.397,32,88,0.364,20,29,0.69,21,51,72,36,6,2,17,44,164,Lester Quinones,Undrafted,Undrafted
2675,203944,2023-24,00,1610612752,NYK,29.0,46,46,1630.0,395,836,0.472,76,244,0.311,236,302,0.781,99,324,423,229,25,12,159,125,1102,Julius Randle,2014,7
2676,1641871,2023-24,00,1610612757,POR,27.0,68,20,1214.0,230,499,0.461,88,245,0.359,69,93,0.742,93,157,250,67,33,38,52,161,617,Duop Reath,Undrafted,Undrafted
2679,1630559,2023-24,00,1610612747,LAL,26.0,82,57,2629.0,457,940,0.486,154,420,0.367,232,272,0.853,57,295,352,450,66,25,174,153,1300,Austin Reaves,Undrafted,Undrafted
2688,1629629,2023-24,00,1610612747,LAL,24.0,48,26,984.0,91,234,0.389,37,110,0.336,41,54,0.759,27,72,99,48,47,14,31,64,260,Cam Reddish,2019,10
2692,1630194,2023-24,00,1610612755,PHI,24.0,82,24,1589.0,259,480,0.54,21,57,0.368,61,85,0.718,193,295,488,109,67,84,67,198,600,Paul Reed,2020,58
2697,1629675,2023-24,00,1610612750,MIN,24.0,81,14,1964.0,406,851,0.477,169,408,0.414,109,148,0.736,73,350,423,106,63,73,111,172,1090,Naz Reid,Undrafted,Undrafted
2699,1631197,2023-24,00,1610612765,DET,24.0,17,0,245.0,33,66,0.5,12,31,0.387,5,8,0.625,3,30,33,14,3,13,7,28,83,Jared Rhoden,Undrafted,Undrafted
2703,1630208,2023-24,00,1610612766,CHA,26.0,67,51,1759.0,260,376,0.691,0,1,0.0,132,179,0.737,172,367,539,54,26,74,73,176,652,Nick Richards,2020,42
2716,1626196,2023-24,00,1610612748,MIA,30.0,43,6,1103.0,154,347,0.444,66,190,0.347,51,54,0.944,18,103,121,105,24,14,36,76,425,Josh Richardson,2015,40
2722,1629130,2023-24,00,1610612748,MIA,30.0,68,36,1906.0,304,675,0.45,187,473,0.395,80,90,0.889,15,158,173,192,46,16,95,163,875,Duncan Robinson,Undrafted,Undrafted
2728,1629010,2023-24,00,1610612744,GSW,27.0,22,0,81.0,11,33,0.333,2,17,0.118,7,11,0.636,1,5,6,5,1,3,2,5,31,Jerome Robinson,2018,13
2734,1629011,2023-24,00,1610612752,NYK,26.0,31,21,768.0,73,127,0.575,0,0,0.0,27,66,0.409,142,121,263,18,37,35,25,55,173,Mitchell Robinson,2018,36
2736,1631115,2023-24,00,1610612748,MIA,23.0,36,7,304.0,36,72,0.5,8,15,0.533,19,25,0.76,28,56,84,34,7,8,18,35,99,Orlando Robinson,Undrafted,Undrafted
2739,1630526,2023-24,00,1610612740,NOP,23.0,39,1,334.0,45,95,0.474,13,39,0.333,12,16,0.75,23,53,76,21,10,4,16,24,115,Jeremiah Robinson-Earl,2021,32
2741,1631223,2023-24,00,1610612763,MEM,23.0,48,13,1114.0,155,386,0.402,47,156,0.301,46,67,0.687,51,149,200,76,25,11,54,68,403,David Roddy,2022,23
2742,1631223,2023-24,00,1610612756,PHX,23.0,17,0,63.0,10,23,0.435,1,8,0.125,1,1,1.0,2,9,11,4,2,0,3,4,22,David Roddy,2022,23
2745,1631157,2023-24,00,1610612764,WAS,21.0,10,0,66.0,13,25,0.52,2,3,0.667,13,17,0.765,2,9,11,11,8,3,7,7,41,Ryan Rollins,2022,44
2746,1631157,2023-24,00,1610612749,MIL,21.0,3,0,12.0,1,2,0.5,1,1,1.0,0,0,0.0,0,2,2,3,2,0,1,1,3,Ryan Rollins,2022,44
2766,201565,2023-24,00,1610612763,MEM,35.0,24,7,399.0,76,165,0.461,15,41,0.366,24,27,0.889,7,38,45,78,8,2,31,21,191,Derrick Rose,2008,1
2775,1626179,2023-24,00,1610612766,CHA,30.0,30,30,1065.0,252,549,0.459,83,232,0.358,109,129,0.845,17,100,117,198,32,12,65,52,696,Terry Rozier,2015,16
2776,1626179,2023-24,00,1610612748,MIA,30.0,31,30,975.0,190,449,0.423,66,178,0.371,63,69,0.913,18,112,130,144,31,9,41,49,509,Terry Rozier,2015,16
2790,1641712,2023-24,00,1610612757,POR,20.0,39,12,633.0,54,161,0.335,28,78,0.359,19,25,0.76,24,68,92,62,12,3,31,56,155,Rayan Rupert,2023,43
2803,1626156,2023-24,00,1610612747,LAL,28.0,76,69,2484.0,492,1080,0.456,226,545,0.415,159,192,0.828,28,208,236,482,69,36,156,156,1369,D'Angelo Russell,2015,2
2808,1630346,2023-24,00,1610612740,NOP,27.0,28,1,390.0,49,113,0.434,41,91,0.451,13,14,0.929,6,34,40,18,6,1,19,32,152,Matt Ryan,Undrafted,Undrafted
2818,1627734,2023-24,00,1610612758,SAC,28.0,82,82,2928.0,634,1068,0.594,33,87,0.379,292,415,0.704,294,826,1120,673,74,48,272,250,1593,Domantas Sabonis,2016,11
2822,1629677,2023-24,00,1610612762,UTA,24.0,43,7,404.0,60,158,0.38,13,64,0.203,44,56,0.786,22,80,102,19,5,7,28,32,177,Luka Samanic,2019,19
2823,1631257,2023-24,00,1610612745,HOU,25.0,14,0,60.0,9,14,0.643,0,2,0.0,2,2,1.0,3,10,13,3,1,2,0,5,20,Jermaine Samuels Jr.,Undrafted,Undrafted
2824,1641766,2023-24,00,1610612741,CHI,22.0,9,0,66.0,14,27,0.519,0,0,0.0,8,12,0.667,19,17,36,0,1,0,5,5,36,Adama Sanogo,Undrafted,Undrafted
2825,1630611,2023-24,00,1610612744,GSW,21.0,23,0,192.0,28,55,0.509,10,27,0.37,16,17,0.941,17,32,49,14,4,2,7,23,82,Gui Santos,2022,55
2836,203967,2023-24,00,1610612744,GSW,30.0,64,9,1098.0,181,388,0.466,74,197,0.376,79,93,0.849,73,210,283,144,31,10,78,112,515,Dario Saric,2014,12
2839,1630846,2023-24,00,1610612760,OKC,25.0,15,0,98.0,11,19,0.579,2,6,0.333,10,15,0.667,10,26,36,2,0,7,3,18,34,Olivier Sarr,Undrafted,Undrafted
2840,1631204,2023-24,00,1610612765,DET,23.0,71,11,1351.0,219,512,0.428,90,240,0.375,58,66,0.879,11,114,125,236,44,12,90,103,586,Marcus Sasser,2023,25
2844,1629678,2023-24,00,1610612753,ORL,27.0,23,0,84.0,10,26,0.385,6,16,0.375,0,2,0.0,3,14,17,7,1,0,5,9,26,Admiral Schofield,2019,42
2857,203471,2023-24,00,1610612761,TOR,30.0,51,33,1559.0,247,559,0.442,77,220,0.35,127,149,0.852,22,118,140,313,46,8,83,105,698,Dennis Schroder,2013,17
2858,203471,2023-24,00,1610612751,BKN,30.0,29,25,927.0,156,368,0.424,61,148,0.412,51,64,0.797,17,85,102,175,17,9,70,59,424,Dennis Schroder,2013,17
2861,1631220,2023-24,00,1610612740,NOP,24.0,6,0,55.0,4,13,0.308,1,2,0.5,5,6,0.833,1,6,7,5,2,1,0,4,14,Dereon Seabron,Undrafted,Undrafted
2864,1630578,2023-24,00,1610612745,HOU,21.0,63,63,2046.0,527,982,0.537,33,111,0.297,244,352,0.693,183,406,589,312,76,46,162,211,1331,Alperen Sengun,2021,16
2865,1641729,2023-24,00,1610612762,UTA,20.0,32,11,584.0,85,218,0.39,34,115,0.296,37,41,0.902,16,86,102,55,13,6,47,43,241,Brice Sensabaugh,2023,28
2871,1629012,2023-24,00,1610612762,UTA,25.0,78,51,2075.0,506,1038,0.487,128,325,0.394,318,370,0.859,71,134,205,383,62,18,165,154,1458,Collin Sexton,2018,8
2879,1629013,2023-24,00,1610612764,WAS,27.0,46,5,727.0,118,274,0.431,53,157,0.338,38,46,0.826,16,46,62,54,25,10,30,76,327,Landry Shamet,2018,26
2882,1630549,2023-24,00,1610612751,BKN,22.0,61,1,921.0,168,294,0.571,4,15,0.267,75,123,0.61,161,228,389,85,24,44,70,131,415,Day'Ron Sharpe,2021,29
2884,1631101,2023-24,00,1610612757,POR,21.0,32,25,1059.0,176,434,0.406,60,180,0.333,98,119,0.824,42,118,160,94,28,12,72,88,510,Shaedon Sharpe,2022,7
2885,1641767,2023-24,00,1610612754,IND,22.0,57,1,814.0,90,229,0.393,49,156,0.314,23,26,0.885,15,74,89,53,33,2,15,88,252,Ben Sheppard,2023,26
2893,1627783,2023-24,00,1610612761,TOR,30.0,39,39,1354.0,325,623,0.522,46,145,0.317,169,223,0.758,54,192,246,190,32,10,83,87,865,Pascal Siakam,2016,27
2894,1627783,2023-24,00,1610612754,IND,30.0,41,41,1304.0,356,648,0.549,39,101,0.386,121,173,0.699,85,234,319,152,31,15,58,106,872,Pascal Siakam,2016,27
2901,1627732,2023-24,00,1610612751,BKN,27.0,15,12,359.0,43,74,0.581,0,0,0.0,6,15,0.4,31,88,119,86,12,9,27,36,92,Ben Simmons,2016,1
2907,1629014,2023-24,00,1610612757,POR,24.0,46,46,1582.0,360,837,0.43,156,405,0.385,163,178,0.916,22,145,167,255,23,5,126,98,1039,Anfernee Simons,2018,24
2910,1630579,2023-24,00,1610612752,NYK,25.0,45,11,585.0,38,55,0.691,0,0,0.0,16,24,0.667,56,91,147,25,8,19,16,45,92,Jericho Sims,2021,58
2911,1641771,2023-24,00,1610612758,SAC,24.0,12,0,37.0,4,6,0.667,0,2,0.0,0,0,0.0,1,6,7,2,1,1,2,8,8,Jalen Slawson,2023,54
2915,1630606,2023-24,00,1610612755,PHI,24.0,1,0,1.0,0,0,0.0,0,0,0.0,0,0,0.0,0,0,0,0,0,0,0,0,0,Javonte Smart,Undrafted,Undrafted
2925,203935,2023-24,00,1610612763,MEM,30.0,20,20,605.0,102,237,0.43,42,134,0.313,43,56,0.768,6,47,53,86,41,5,62,53,289,Marcus Smart,2014,6
2929,1630696,2023-24,00,1610612748,MIA,26.0,9,0,131.0,15,33,0.455,7,17,0.412,2,2,1.0,6,8,14,14,9,3,5,12,39,Dru Smith,Undrafted,Undrafted
2955,202397,2023-24,00,1610612766,CHA,35.0,43,5,741.0,66,158,0.418,4,8,0.5,3,4,0.75,11,65,76,145,17,4,47,49,139,Ish Smith,Undrafted,Undrafted
2961,1630188,2023-24,00,1610612754,IND,24.0,61,14,1047.0,234,395,0.592,61,144,0.424,72,104,0.692,112,225,337,63,17,38,44,124,601,Jalen Smith,2020,10
2962,1631173,2023-24,00,1610612755,PHI,21.0,16,0,85.0,18,46,0.391,13,35,0.371,3,5,0.6,0,4,4,12,8,0,7,8,52,Terquavion Smith,Undrafted,Undrafted
2973,1628372,2023-24,00,1610612751,BKN,26.0,56,2,1059.0,147,338,0.435,32,109,0.294,43,58,0.741,50,114,164,203,68,12,68,121,369,Dennis Smith Jr.,2017,9
2975,1631095,2023-24,00,1610612745,HOU,21.0,76,76,2424.0,378,833,0.454,138,380,0.363,150,185,0.811,139,477,616,121,52,61,89,200,1044,Jabari Smith Jr.,2022,3
2976,1641733,2023-24,00,1610612766,CHA,20.0,51,0,729.0,113,289,0.391,63,146,0.432,13,15,0.867,18,54,72,59,10,7,39,55,302,Nick Smith Jr.,2023,27
2978,1631110,2023-24,00,1610612759,SAS,21.0,74,73,2193.0,340,776,0.438,70,227,0.308,111,144,0.771,137,339,476,249,62,40,140,168,861,Jeremy Sochan,2022,9
2981,1630531,2023-24,00,1610612755,PHI,21.0,32,1,377.0,46,118,0.39,8,37,0.216,28,34,0.824,25,33,58,35,25,11,26,49,128,Jaden Springer,2021,28
2982,1630531,2023-24,00,1610612738,BOS,21.0,17,1,130.0,13,30,0.433,2,11,0.182,7,8,0.875,8,12,20,9,11,4,8,17,35,Jaden Springer,2021,28
2987,1630205,2023-24,00,1610612738,BOS,26.0,19,1,122.0,21,45,0.467,3,8,0.375,8,11,0.727,12,19,31,8,6,5,9,14,53,Lamar Stevens,Undrafted,Undrafted
2988,1630205,2023-24,00,1610612763,MEM,26.0,19,2,437.0,87,195,0.446,11,38,0.289,34,43,0.791,24,72,96,20,17,17,15,31,219,Lamar Stevens,Undrafted,Undrafted
2993,1630191,2023-24,00,1610612765,DET,23.0,46,45,1423.0,186,382,0.487,67,175,0.383,64,85,0.753,74,231,305,73,17,38,66,99,503,Isaiah Stewart,2020,16
2994,1631124,2023-24,00,1610612743,DEN,22.0,50,0,545.0,82,222,0.369,41,138,0.297,22,31,0.71,5,56,61,47,17,7,23,54,227,Julian Strawther,2023,29
2999,1629622,2023-24,00,1610612739,CLE,28.0,70,70,2239.0,304,728,0.418,168,479,0.351,77,97,0.794,66,272,338,283,64,29,112,170,853,Max Strus,Undrafted,Undrafted
3002,1630591,2023-24,00,1610612753,ORL,22.0,75,75,2025.0,336,714,0.471,153,385,0.397,118,156,0.756,48,181,229,205,106,47,132,205,943,Jalen Suggs,2021,5
3004,1631306,2023-24,00,1610612748,MIA,25.0,18,0,87.0,15,38,0.395,10,30,0.333,2,2,1.0,1,6,7,5,1,1,8,4,42,Cole Swider,Undrafted,Undrafted
3008,1630256,2023-24,00,1610612745,HOU,28.0,65,9,1031.0,108,229,0.472,23,77,0.299,26,39,0.667,61,136,197,64,42,15,37,137,265,Jae'Sean Tate,Undrafted,Undrafted
3015,1628369,2023-24,00,1610612738,BOS,26.0,74,74,2645.0,672,1426,0.471,229,609,0.376,414,497,0.833,67,534,601,364,75,43,188,145,1987,Jayson Tatum,2017,3
3020,1630678,2023-24,00,1610612741,CHI,24.0,31,0,188.0,20,39,0.513,2,9,0.222,4,5,0.8,17,20,37,10,5,2,7,17,46,Terry Taylor,Undrafted,Undrafted
3042,202066,2023-24,00,1610612761,TOR,38.0,27,2,289.0,29,78,0.372,12,40,0.3,18,22,0.818,18,27,45,28,12,3,14,28,88,Garrett Temple,Undrafted,Undrafted
3044,1631207,2023-24,00,1610612741,CHI,21.0,59,2,681.0,69,157,0.439,17,74,0.23,25,43,0.581,29,84,113,81,27,18,32,81,180,Dalen Terry,2022,18
3055,1628464,2023-24,00,1610612754,IND,32.0,1,0,8.0,1,4,0.25,0,1,0.0,0,0,0.0,0,0,0,0,0,0,0,1,2,Daniel Theis,Undrafted,Undrafted
3056,1628464,2023-24,00,1610612746,LAC,32.0,59,3,1006.0,155,289,0.536,26,70,0.371,38,50,0.76,85,159,244,61,21,51,42,126,374,Daniel Theis,Undrafted,Undrafted
3060,1630560,2023-24,00,1610612751,BKN,22.0,66,51,2075.0,526,1190,0.442,144,396,0.364,286,334,0.856,28,186,214,192,45,16,124,138,1482,Cam Thomas,2021,27
3061,1641708,2023-24,00,1610612745,HOU,21.0,62,23,1389.0,239,446,0.536,8,58,0.138,106,155,0.684,148,261,409,163,78,38,90,141,592,Amen Thompson,2023,4
3062,1641709,2023-24,00,1610612765,DET,21.0,63,38,1583.0,232,480,0.483,21,113,0.186,71,119,0.597,129,273,402,120,68,59,84,175,556,Ausar Thompson,2023,5
3073,202691,2023-24,00,1610612744,GSW,34.0,77,63,2284.0,490,1133,0.432,268,692,0.387,127,137,0.927,35,219,254,176,50,35,117,127,1375,Klay Thompson,2011,11
3088,202684,2023-24,00,1610612739,CLE,33.0,49,0,549.0,73,120,0.608,0,1,0.0,15,52,0.288,73,101,174,51,12,14,29,59,161,Tristan Thompson,2011,4
3091,1630550,2023-24,00,1610612766,CHA,21.0,63,3,781.0,80,183,0.437,28,81,0.346,11,20,0.55,43,103,146,29,11,27,15,60,199,JT Thor,2021,37
3098,1629680,2023-24,00,1610612757,POR,27.0,65,19,1487.0,126,317,0.397,80,231,0.346,22,29,0.759,30,106,136,90,113,49,40,93,354,Matisse Thybulle,2019,20
3102,1630214,2023-24,00,1610612763,MEM,25.0,34,13,700.0,87,213,0.408,12,53,0.226,18,43,0.419,56,101,157,57,42,35,29,60,204,Xavier Tillman,2020,35
3103,1630214,2023-24,00,1610612738,BOS,25.0,20,2,274.0,34,66,0.515,8,28,0.286,4,7,0.571,14,40,54,20,9,9,5,15,80,Xavier Tillman,2020,35
3105,1631210,2023-24,00,1610612752,NYK,24.0,9,0,38.0,5,9,0.556,1,4,0.25,2,2,1.0,3,4,7,3,0,1,1,3,13,Jacob Toppin,Undrafted,Undrafted
3109,1630167,2023-24,00,1610612754,IND,26.0,82,28,1731.0,332,579,0.573,102,253,0.403,77,100,0.77,85,235,320,128,47,43,69,143,843,Obi Toppin,2020,8
3118,1626157,2023-24,00,1610612750,MIN,28.0,62,62,2026.0,479,951,0.504,136,327,0.416,255,292,0.873,94,421,515,189,43,41,177,204,1349,Karl-Anthony Towns,2015,1
3126,1629018,2023-24,00,1610612761,TOR,25.0,71,41,1994.0,361,847,0.426,178,453,0.393,74,96,0.771,25,163,188,119,77,10,47,96,974,Gary Trent Jr.,2018,37
3127,1631131,2023-24,00,1610612754,IND,24.0,8,0,42.0,10,20,0.5,0,0,0.0,6,8,0.75,8,8,16,2,2,1,0,3,26,Oscar Tshiebwe,Undrafted,Undrafted
3144,200782,2023-24,00,1610612755,PHI,39.0,3,3,66.0,2,5,0.4,2,5,0.4,0,0,0.0,1,13,14,0,3,2,2,9,6,P.J. Tucker,2006,35
3145,200782,2023-24,00,1610612746,LAC,39.0,28,7,420.0,16,45,0.356,11,30,0.367,3,3,1.0,27,44,71,16,13,5,6,45,46,P.J. Tucker,2006,35
3155,1626167,2023-24,00,1610612754,IND,28.0,77,77,2076.0,476,909,0.524,116,324,0.358,245,317,0.773,113,420,533,100,39,144,109,232,1313,Myles Turner,2015,11
3156,1641816,2023-24,00,1610612743,DEN,23.0,18,0,48.0,8,20,0.4,4,14,0.286,0,0,0.0,1,8,9,2,1,0,2,10,20,Hunter Tyson,2023,37
3158,1630649,2023-24,00,1610612765,DET,25.0,24,2,307.0,37,84,0.44,24,53,0.453,29,32,0.906,8,43,51,11,8,7,14,40,127,Stanley Umude,Undrafted,Undrafted
3172,202685,2023-24,00,1610612740,NOP,32.0,82,82,1925.0,402,719,0.559,37,120,0.308,161,205,0.785,186,535,721,173,32,68,111,218,1002,Jonas Valanciunas,2011,5
3180,1627832,2023-24,00,1610612745,HOU,30.0,73,73,2684.0,423,1018,0.416,227,586,0.387,197,229,0.86,33,245,278,589,101,59,126,183,1270,Fred VanVleet,Undrafted,Undrafted
3190,1629020,2023-24,00,1610612747,LAL,25.0,29,6,581.0,59,114,0.518,8,27,0.296,24,36,0.667,41,97,138,36,36,5,28,43,150,Jarred Vanderbilt,2018,41
3194,1630170,2023-24,00,1610612759,SAS,23.0,68,62,2248.0,498,1056,0.472,166,446,0.372,161,201,0.801,27,234,261,277,73,23,108,74,1323,Devin Vassell,2020,11
3195,1628426,2023-24,00,1610612758,SAC,28.0,42,0,511.0,84,191,0.44,45,120,0.375,12,15,0.8,30,66,96,19,20,7,12,42,225,Sasha Vezenkov,2017,57
3200,1629216,2023-24,00,1610612747,LAL,27.0,11,0,218.0,15,49,0.306,3,28,0.107,1,2,0.5,4,5,9,21,9,0,5,19,34,Gabe Vincent,Undrafted,Undrafted
3215,202696,2023-24,00,1610612741,CHI,33.0,76,74,2610.0,586,1211,0.484,92,313,0.294,106,129,0.822,210,591,801,254,50,60,120,190,1370,Nikola Vucevic,2011,16
3220,1629731,2023-24,00,1610612739,CLE,27.0,54,32,1108.0,96,232,0.414,79,202,0.391,20,26,0.769,37,181,218,43,40,25,20,93,291,Dean Wade,Undrafted,Undrafted
3223,1630532,2023-24,00,1610612753,ORL,22.0,72,72,2337.0,528,1096,0.482,94,334,0.281,271,319,0.85,72,309,381,269,76,28,137,168,1421,Franz Wagner,2021,8
3232,1629021,2023-24,00,1610612753,ORL,27.0,80,1,1415.0,332,552,0.601,38,115,0.33,166,204,0.814,117,230,347,96,39,21,97,160,868,Moritz Wagner,2018,25
3235,1630688,2023-24,00,1610612757,POR,29.0,7,0,46.0,6,18,0.333,6,16,0.375,2,2,1.0,0,9,9,0,2,1,1,4,20,Ish Wainright,Undrafted,Undrafted
3236,1630688,2023-24,00,1610612756,PHX,29.0,4,0,17.0,1,6,0.167,1,4,0.25,0,0,0.0,3,2,5,1,2,0,1,4,3,Ish Wainright,Undrafted,Undrafted
3239,1631133,2023-24,00,1610612757,POR,21.0,72,23,1701.0,234,509,0.46,41,139,0.295,129,171,0.754,151,357,508,71,42,22,66,173,638,Jabari Walker,2022,57
3240,1641716,2023-24,00,1610612754,IND,20.0,33,0,340.0,45,110,0.409,22,55,0.4,8,9,0.889,12,51,63,40,15,11,17,29,120,Jarace Walker,2023,8
3246,1629022,2023-24,00,1610612751,BKN,25.0,58,0,1011.0,208,492,0.423,104,271,0.384,45,59,0.763,13,114,127,74,32,20,51,71,565,Lonnie Walker IV,2018,18
3247,1641717,2023-24,00,1610612760,OKC,20.0,82,13,1692.0,217,442,0.491,98,234,0.419,29,37,0.784,52,135,187,120,76,37,45,129,561,Cason Wallace,2023,10
3248,1641775,2023-24,00,1610612738,BOS,20.0,9,1,83.0,6,15,0.4,2,9,0.222,1,2,0.5,5,15,20,5,5,1,3,11,15,Jordan Walsh,2023,38
3253,1629023,2023-24,00,1610612766,CHA,25.0,44,17,1286.0,227,509,0.446,79,244,0.324,67,94,0.713,53,179,232,97,38,32,66,112,600,P.J. Washington,2019,12
3254,1629023,2023-24,00,1610612742,DAL,25.0,29,28,935.0,127,302,0.421,53,169,0.314,32,51,0.627,32,147,179,44,34,27,30,57,339,P.J. Washington,2019,12
3259,1631102,2023-24,00,1610612749,MIL,22.0,11,0,56.0,6,20,0.3,2,6,0.333,0,0,0.0,1,4,5,5,3,0,2,1,14,TyTy Washington Jr.,2022,29
3265,1629139,2023-24,00,1610612756,PHX,29.0,29,0,382.0,35,97,0.361,24,75,0.32,10,15,0.667,11,34,45,10,9,7,16,34,104,Yuta Watanabe,Undrafted,Undrafted
3266,1629139,2023-24,00,1610612763,MEM,29.0,5,0,82.0,6,19,0.316,1,10,0.1,0,2,0.0,0,9,9,5,3,0,3,5,13,Yuta Watanabe,Undrafted,Undrafted
3270,1630322,2023-24,00,1610612760,OKC,26.0,38,0,280.0,49,104,0.471,37,85,0.435,2,2,1.0,7,33,40,24,5,7,7,23,137,Lindy Waters III,Undrafted,Undrafted
3273,1630570,2023-24,00,1610612751,BKN,23.0,63,2,857.0,164,311,0.527,27,68,0.397,77,97,0.794,52,142,194,81,23,19,63,106,432,Trendon Watford,Undrafted,Undrafted
3275,1631212,2023-24,00,1610612743,DEN,21.0,80,4,1488.0,208,447,0.465,45,152,0.296,71,106,0.67,56,202,258,86,42,88,58,143,532,Peyton Watson,2022,30
3276,1641705,2023-24,00,1610612759,SAS,20.0,71,71,2106.0,551,1186,0.465,128,394,0.325,292,367,0.796,161,594,755,274,88,254,260,153,1522,Victor Wembanyama,2023,1
3278,1631104,2023-24,00,1610612759,SAS,21.0,61,3,876.0,102,215,0.474,12,55,0.218,52,78,0.667,18,76,94,166,29,9,55,89,268,Blake Wesley,2022,25
3296,201566,2023-24,00,1610612746,LAC,35.0,68,11,1529.0,301,663,0.454,42,154,0.273,110,160,0.688,93,250,343,306,74,23,144,121,754,Russell Westbrook,2008,4
3301,1629632,2023-24,00,1610612741,CHI,24.0,79,78,2881.0,541,1209,0.447,209,556,0.376,218,260,0.838,44,314,358,405,53,18,166,186,1509,Coby White,2019,7
3310,1628401,2023-24,00,1610612738,BOS,29.0,73,73,2381.0,387,839,0.461,196,495,0.396,137,152,0.901,51,259,310,377,74,87,112,152,1107,Derrick White,2017,29
3311,1641727,2023-24,00,1610612751,BKN,19.0,2,0,24.0,1,5,0.2,0,3,0.0,1,2,0.5,0,4,4,3,0,1,0,0,3,Dariq Whitehead,2023,22
3312,1641715,2023-24,00,1610612745,HOU,19.0,47,2,880.0,212,467,0.454,79,220,0.359,76,112,0.679,44,136,180,33,30,17,46,64,579,Cam Whitmore,2023,20
3315,1630598,2023-24,00,1610612760,OKC,25.0,78,4,1228.0,212,377,0.562,62,126,0.492,56,71,0.789,60,126,186,86,56,19,56,91,542,Aaron Wiggins,2021,55
3327,203952,2023-24,00,1610612744,GSW,29.0,71,59,1920.0,353,780,0.453,91,254,0.358,142,189,0.751,108,213,321,119,42,41,87,147,939,Andrew Wiggins,2014,1
3330,1629623,2023-24,00,1610612749,MIL,26.0,3,0,8.0,2,5,0.4,0,2,0.0,2,2,1.0,0,0,0,0,0,0,1,1,6,Lindell Wigginton,2019,
3335,1629684,2023-24,00,1610612742,DAL,25.0,47,33,1242.0,131,317,0.413,79,210,0.376,41,55,0.745,46,123,169,81,24,27,53,137,382,Grant Williams,2019,22
3336,1629684,2023-24,00,1610612766,CHA,25.0,29,10,888.0,145,288,0.503,47,126,0.373,65,85,0.765,40,109,149,93,20,12,56,89,402,Grant Williams,2019,22
3339,1631114,2023-24,00,1610612760,OKC,23.0,71,71,2224.0,536,993,0.54,103,241,0.427,180,221,0.814,37,245,282,322,80,45,123,175,1355,Jalen Williams,2022,12
3341,1631119,2023-24,00,1610612760,OKC,21.0,69,1,897.0,95,228,0.417,53,144,0.368,33,41,0.805,36,198,234,110,28,27,34,98,276,Jaylin Williams,2022,34
3347,1629026,2023-24,00,1610612760,OKC,29.0,69,1,1029.0,131,280,0.468,56,141,0.397,7,14,0.5,61,148,209,93,38,9,32,101,325,Kenrich Williams,Undrafted,Undrafted
3349,1631109,2023-24,00,1610612766,CHA,22.0,19,19,508.0,98,151,0.649,0,0,0.0,46,64,0.719,76,108,184,22,16,20,17,50,242,Mark Williams,2022,15
3351,1631466,2023-24,00,1610612745,HOU,25.0,22,0,129.0,27,50,0.54,2,5,0.4,7,13,0.538,12,11,23,7,4,1,4,10,63,Nate Williams,Undrafted,Undrafted
3355,1630172,2023-24,00,1610612741,CHI,22.0,43,30,1174.0,159,359,0.443,59,148,0.399,52,66,0.788,46,120,166,66,40,33,57,87,429,Patrick Williams,2020,4
3358,1630533,2023-24,00,1610612763,MEM,22.0,51,15,1038.0,150,378,0.397,58,189,0.307,62,75,0.827,35,145,180,75,36,9,66,85,420,Ziaire Williams,2021,10
3364,1629057,2023-24,00,1610612757,POR,26.0,6,0,119.0,17,26,0.654,0,0,0.0,7,9,0.778,11,27,38,5,7,7,7,17,41,Robert Williams III,2018,27
3366,1631246,2023-24,00,1610612763,MEM,23.0,52,33,1437.0,169,379,0.446,79,209,0.378,104,130,0.8,59,231,290,175,47,34,92,135,521,Vince Williams Jr.,2022,47
3370,1629627,2023-24,00,1610612740,NOP,23.0,70,70,2207.0,624,1094,0.57,6,18,0.333,347,494,0.702,122,284,406,352,77,47,193,159,1601,Zion Williamson,2019,1
3371,1630592,2023-24,00,1610612751,BKN,23.0,43,3,665.0,76,179,0.425,24,74,0.324,38,46,0.826,47,84,131,45,11,4,19,48,214,Jalen Wilson,2023,51
3375,1629685,2023-24,00,1610612752,NYK,27.0,3,0,7.0,1,2,0.5,1,2,0.5,0,0,0.0,0,1,1,1,0,0,0,1,3,Dylan Windler,2019,26
3376,1629685,2023-24,00,1610612747,LAL,27.0,8,0,28.0,4,9,0.444,4,8,0.5,0,0,0.0,0,3,3,6,0,0,0,2,12,Dylan Windler,2019,26
3377,1629685,2023-24,00,1610612737,ATL,27.0,6,0,73.0,10,19,0.526,8,17,0.471,0,0,0.0,3,9,12,3,2,0,2,3,28,Dylan Windler,2019,26
3383,1630164,2023-24,00,1610612765,DET,23.0,63,6,1091.0,187,305,0.613,0,2,0.0,72,102,0.706,110,226,336,54,12,39,66,141,446,James Wiseman,2020,2
3384,1631209,2023-24,00,1610612754,IND,23.0,1,0,4.0,1,3,0.333,0,1,0.0,0,0,0.0,0,0,0,0,0,0,0,0,2,Isaiah Wong,2023,55
3394,1626174,2023-24,00,1610612747,LAL,28.0,50,1,872.0,123,264,0.466,35,114,0.307,66,94,0.702,39,215,254,49,16,33,50,72,347,Christian Wood,Undrafted,Undrafted
3407,1626153,2023-24,00,1610612764,WAS,32.0,33,0,456.0,48,122,0.393,14,38,0.368,24,29,0.828,13,46,59,82,35,8,11,22,134,Delon Wright,2015,20
3408,1626153,2023-24,00,1610612748,MIA,32.0,14,1,286.0,26,66,0.394,11,30,0.367,13,16,0.813,6,21,27,37,19,3,3,10,76,Delon Wright,2015,20
3430,201152,2023-24,00,1610612761,TOR,35.0,23,6,350.0,54,87,0.621,1,6,0.167,5,12,0.417,29,46,75,50,18,3,11,38,114,Thaddeus Young,2007,12
3431,201152,2023-24,00,1610612756,PHX,35.0,10,0,89.0,11,21,0.524,0,1,0.0,1,3,0.333,17,11,28,7,5,2,4,11,23,Thaddeus Young,2007,12
3438,1629027,2023-24,00,1610612737,ATL,25.0,54,54,1942.0,433,1008,0.43,175,469,0.373,348,407,0.855,23,126,149,583,72,11,235,109,1389,Trae Young,2018,5
3441,1630209,2023-24,00,1610612762,UTA,25.0,48,12,545.0,99,184,0.538,5,24,0.208,19,28,0.679,72,136,208,29,8,18,37,52,222,Omer Yurtseven,Undrafted,Undrafted
3452,203469,2023-24,00,1610612740,NOP,31.0,43,0,320.0,26,62,0.419,1,3,0.333,23,38,0.605,48,64,112,39,9,5,16,45,76,Cody Zeller,2013,4
3462,1627826,2023-24,00,1610612746,LAC,27.0,68,68,1795.0,337,519,0.649,0,0,0.0,120,166,0.723,196,430,626,93,22,83,79,180,794,Ivica Zubac,2016,32
